image,category,A_no_depth_ARE,A_no_depth_conf,B_moge_raw_ARE,B_moge_raw_conf,C_moge_corrected_ARE,C_moge_corrected_conf,D_da_metric_ARE,D_da_metric_conf,E_rule_based_ARE,E_rule_based_conf
0001.png,bed,0.0915,0.573,0.1386,0.653,0.1078,0.536,0.1813,0.611,0.0708,0.000
0004.png,bed,0.0818,0.679,0.1010,0.765,0.0765,0.631,0.0957,0.731,0.0324,0.000
0008.png,bed,0.0993,0.602,0.0449,0.681,0.1173,0.410,0.0664,0.718,0.1049,0.000
0010.png,bed,0.1248,0.485,0.1786,0.518,0.1330,0.464,0.1874,0.513,0.1024,0.000
0011.png,bed,0.1021,0.580,0.1749,0.678,0.1454,0.615,0.1892,0.704,0.1024,0.000
0012.png,bed,0.0722,0.636,0.1584,0.601,0.1065,0.426,0.1968,0.689,0.1024,0.000
0014.png,bed,0.1154,0.668,0.1490,0.715,0.1355,0.492,0.1260,0.708,0.1024,0.000
0015.png,bed,0.0397,0.280,0.0453,0.611,0.0396,0.588,0.0303,0.531,0.1204,0.000
0016.png,bed,0.0161,0.577,0.0203,0.759,0.0175,0.765,0.0202,0.705,0.1204,0.000
0017.png,bed,0.0992,0.672,0.1394,0.719,0.1061,0.614,0.1412,0.652,0.1024,0.000
0018.png,bed,0.1177,0.511,0.1854,0.644,0.0897,0.500,0.1976,0.633,0.0708,0.000
0021.png,bed,0.0430,0.583,0.0277,0.679,0.0574,0.548,0.0530,0.676,0.1024,0.000
0023.png,bed,0.0994,0.652,0.0628,0.729,0.0553,0.752,0.0673,0.771,0.1069,0.000
0024.png,bed,0.1110,0.519,0.1824,0.589,0.1649,0.608,0.1610,0.564,0.0708,0.000
0025.png,bed,0.1297,0.615,0.1604,0.714,0.1426,0.564,0.1908,0.591,0.1024,0.000
0026.png,bed,0.1249,0.671,0.1358,0.733,0.1347,0.664,0.1162,0.686,0.1024,0.000
0027.png,bed,0.0704,0.268,0.0831,0.605,0.1373,0.525,0.0780,0.536,0.1340,0.000
0028.png,bed,0.0784,0.287,0.0529,0.575,0.0506,0.578,0.0670,0.584,0.1069,0.000
0030.png,bed,0.0404,0.618,0.0756,0.752,0.1110,0.647,0.0612,0.655,0.0670,0.000
0031.png,bed,0.1509,0.511,0.1394,0.585,0.1408,0.458,0.1580,0.521,0.1340,0.000
0032.png,bed,0.1183,0.643,0.1016,0.703,0.1231,0.547,0.1558,0.664,0.0708,0.000
0033.png,bed,0.1172,0.635,0.2125,0.706,0.2042,0.620,0.1709,0.711,0.0708,0.000
0034.png,bed,0.0458,0.569,0.1048,0.608,0.0257,0.468,0.0777,0.694,0.0324,0.000
0035.png,bed,0.0950,0.684,0.0899,0.804,0.0791,0.768,0.1064,0.762,0.1024,0.000
0038.png,bed,0.1604,0.437,0.1547,0.648,0.1604,0.569,0.1830,0.564,0.1340,0.000
0039.png,bed,0.1195,0.434,0.1061,0.592,0.1574,0.454,0.1334,0.609,0.1024,0.000
0040.png,bed,0.0454,0.705,0.1176,0.748,0.0276,0.667,0.1639,0.654,0.0324,0.000
0041.png,bed,0.0430,0.580,0.0959,0.672,0.0964,0.701,0.1028,0.716,0.0420,0.000
0042.jpg,bed,0.0276,0.387,0.0525,0.625,0.0537,0.634,0.0684,0.476,0.0986,0.000
0043.jpg,bed,0.0210,0.638,0.0185,0.818,0.0624,0.762,0.0665,0.771,0.0986,0.000
0001.jpg,bookcase,0.1085,0.380,0.0321,0.790,0.0232,0.593,0.0882,0.589,0.0985,0.000
0002.jpg,bookcase,0.0989,0.520,0.0386,0.803,0.0362,0.856,0.0516,0.771,0.0719,0.000
0003.jpg,bookcase,0.2222,0.493,0.0928,0.719,0.1238,0.390,0.1293,0.784,0.0719,0.000
0007.jpg,bookcase,0.1770,0.409,0.1079,0.764,0.0900,0.756,0.1561,0.752,0.0719,0.000
0008.jpg,bookcase,0.0523,0.647,0.0405,0.746,0.0690,0.771,0.0534,0.797,0.0719,0.000
0009.jpg,bookcase,0.2178,0.432,0.0687,0.715,0.0686,0.722,0.1037,0.770,0.0719,0.000
0010.jpg,bookcase,0.1859,0.474,0.0862,0.764,0.0879,0.732,0.1194,0.778,0.0719,0.000
0011.jpg,bookcase,0.0516,0.629,0.0472,0.850,0.0499,0.850,0.0354,0.825,0.0719,0.000
0012.jpg,bookcase,0.3141,0.406,0.2050,0.784,0.1356,0.214,0.2276,0.693,0.0719,0.000
0013.jpg,bookcase,0.3974,0.317,0.0498,0.386,0.0732,0.092,0.3406,0.340,0.0719,0.000
0015.jpg,bookcase,0.4204,0.407,0.2352,0.735,0.2281,0.504,0.2731,0.792,0.0719,0.000
0016.jpg,bookcase,0.0755,0.550,0.0933,0.825,0.0936,0.827,0.1054,0.808,0.0719,0.000
0017.jpg,bookcase,0.0337,0.699,0.0305,0.831,0.0373,0.829,0.0366,0.798,0.0719,0.000
0018.jpg,bookcase,0.0864,0.509,0.0291,0.694,0.0365,0.816,0.0633,0.793,0.0719,0.000
0021.jpg,bookcase,0.2084,0.428,0.1257,0.609,0.0548,0.304,0.2293,0.721,0.0893,0.000
0022.jpg,bookcase,0.0421,0.600,0.0381,0.884,0.0303,0.865,0.0405,0.856,0.0893,0.000
0023.jpg,bookcase,0.1296,0.511,0.1483,0.655,0.0930,0.443,0.2880,0.745,0.0893,0.000
0024.jpg,bookcase,0.0637,0.458,0.1026,0.416,0.1132,0.196,0.2796,0.586,0.0893,0.000
0025.jpg,bookcase,0.0788,0.532,0.0207,0.728,0.0236,0.790,0.1077,0.806,0.0893,0.000
0026.jpg,bookcase,0.2119,0.398,0.0736,0.500,0.1311,0.276,0.1701,0.731,0.0893,0.000
0027.jpg,bookcase,0.1594,0.461,0.0929,0.279,0.1265,0.638,0.1588,0.806,0.0893,0.000
0028.jpg,bookcase,0.0750,0.567,0.0784,0.839,0.0802,0.848,0.0818,0.767,0.0893,0.000
0029.jpg,bookcase,0.0440,0.653,0.0387,0.889,0.0831,0.868,0.1034,0.867,0.0893,0.000
0030.jpg,bookcase,0.1941,0.397,0.1933,0.702,0.1279,0.257,0.1322,0.551,0.0893,0.000
0031.jpg,bookcase,0.1652,0.472,0.1446,0.720,0.2066,0.264,0.2952,0.708,0.0893,0.000
0032.jpg,bookcase,0.1741,0.438,0.0720,0.710,0.0696,0.698,0.1462,0.749,0.0893,0.000
0033.jpg,bookcase,0.1620,0.440,0.0652,0.602,0.0644,0.583,0.1441,0.774,0.0893,0.000
0034.jpg,bookcase,0.0780,0.501,0.0191,0.670,0.0216,0.788,0.0596,0.786,0.1121,0.000
0035.jpg,bookcase,0.2335,0.466,0.0885,0.821,0.0880,0.770,0.0547,0.803,0.1121,0.000
0036.jpg,bookcase,0.2800,0.403,0.1099,0.592,0.1008,0.547,0.1818,0.732,0.1121,0.000
0001.png,chair,0.1205,0.379,0.0185,0.594,0.0718,0.447,0.0203,0.685,0.1216,0.000
0003.png,chair,0.1281,0.725,0.1437,0.571,0.1265,0.757,0.1351,0.654,0.1216,0.000
0004.png,chair,0.1787,0.611,0.1137,0.635,0.1989,0.661,0.1929,0.647,0.1216,0.000
0008.png,chair,0.2477,0.413,0.1917,0.729,0.2198,0.527,0.2773,0.426,0.0210,0.000
0010.png,chair,0.1102,0.356,0.1764,0.455,0.0223,0.447,0.0916,0.499,0.1216,0.000
0011.png,chair,0.0589,0.305,0.0777,0.257,0.0292,0.418,0.1963,0.205,0.0565,0.000
0013.png,chair,0.0716,0.437,0.0447,0.780,0.0324,0.643,0.0325,0.803,0.2364,0.000
0015.png,chair,0.2423,0.444,0.1630,0.584,0.1204,0.346,0.1456,0.354,0.0806,0.000
0016.png,chair,0.1920,0.466,0.1925,0.641,0.1032,0.233,0.0933,0.486,0.0806,0.000
0017.png,chair,0.1878,0.512,0.1638,0.702,0.1025,0.260,0.0899,0.433,0.1216,0.000
0019.png,chair,0.0888,0.676,0.1851,0.628,0.1890,0.629,0.1783,0.769,0.1139,0.000
0020.png,chair,0.0990,0.614,0.1140,0.763,0.0929,0.748,0.1467,0.696,0.1216,0.000
0022.png,chair,0.1166,0.753,0.1038,0.675,0.0942,0.753,0.1220,0.615,0.1216,0.000
0026.png,chair,0.2983,0.310,0.2974,0.378,0.1138,0.249,0.1283,0.329,0.0210,0.000
0027.png,chair,0.2406,0.432,0.2307,0.492,0.2799,0.473,0.1904,0.437,0.0210,0.000
0033.png,chair,0.1402,0.464,0.1470,0.743,0.1169,0.545,0.1768,0.682,0.0806,0.000
0040.png,chair,0.0410,0.657,0.0995,0.672,0.0653,0.595,0.0383,0.737,0.1139,0.000
0041.png,chair,0.0917,0.447,0.1050,0.689,0.1228,0.185,0.0975,0.599,0.1216,0.000
0044.png,chair,0.0750,0.243,0.2183,0.434,0.0907,0.350,0.0893,0.437,0.0806,0.000
0045.png,chair,0.1708,0.659,0.1374,0.780,0.1320,0.771,0.1835,0.827,0.0806,0.000
0046.png,chair,0.0941,0.505,0.1492,0.817,0.1219,0.717,0.1740,0.623,0.1216,0.000
0047.png,chair,0.2624,0.254,0.0741,0.203,0.0474,0.180,0.0815,0.195,0.0117,0.000
0048.png,chair,0.2876,0.300,0.2157,0.352,0.1182,0.118,0.2668,0.259,0.0117,0.000
0049.png,chair,0.0541,0.586,0.1127,0.719,0.1407,0.615,0.1450,0.733,0.1139,0.000
0050.png,chair,0.1177,0.588,0.1424,0.720,0.1629,0.654,0.1767,0.615,0.1216,0.000
0051.png,chair,0.1881,0.484,0.2975,0.624,0.2805,0.559,0.1222,0.576,0.0210,0.000
0053.png,chair,0.1035,0.689,0.1003,0.711,0.0944,0.728,0.0457,0.767,0.1139,0.000
0055.png,chair,0.0660,0.545,0.1346,0.483,0.1471,0.488,0.2032,0.624,0.1139,0.000
0058.png,chair,0.0449,0.476,0.0650,0.698,0.0172,0.292,0.0262,0.681,0.1139,0.000
0061.png,chair,0.0858,0.582,0.0907,0.779,0.0697,0.749,0.1182,0.757,0.1216,0.000
0001.jpg,desk,0.1406,0.472,0.1088,0.524,0.1223,0.744,0.1206,0.554,0.0611,0.000
0002.jpg,desk,0.0510,0.546,0.0490,0.694,0.0512,0.691,0.1201,0.737,0.0611,0.000
0003.jpg,desk,0.1138,0.550,0.0669,0.732,0.0484,0.625,0.1547,0.744,0.0611,0.000
0004.jpg,desk,0.0671,0.482,0.0486,0.700,0.0503,0.588,0.1375,0.710,0.0611,0.000
0005.jpg,desk,0.2217,0.620,0.1120,0.611,0.1271,0.788,0.1184,0.624,0.0611,0.000
0006.jpg,desk,0.0827,0.503,0.0592,0.680,0.0687,0.584,0.1347,0.720,0.0611,0.000
0009.jpg,desk,0.1291,0.588,0.0303,0.702,0.1291,0.588,0.0367,0.750,0.1880,0.000
0011.jpg,desk,0.1414,0.623,0.1718,0.666,0.2006,0.708,0.1513,0.614,0.1880,0.000
0015.jpg,desk,0.0854,0.737,0.0556,0.656,0.0941,0.716,0.0361,0.563,0.1880,0.000
0018.jpg,desk,0.0501,0.590,0.0253,0.667,0.0195,0.738,0.0249,0.664,0.1880,0.000
0023.jpg,desk,0.2115,0.364,0.1051,0.813,0.1142,0.835,0.0851,0.713,0.1880,0.000
0025.jpg,desk,0.1483,0.636,0.0462,0.561,0.1483,0.636,0.0490,0.629,0.1880,0.000
0027.jpg,desk,0.1134,0.624,0.1168,0.756,0.1308,0.848,0.0942,0.654,0.1880,0.000
0030.jpg,desk,0.1016,0.753,0.0738,0.823,0.1024,0.892,0.0598,0.798,0.1880,0.000
0033.jpg,desk,0.0839,0.187,0.3605,0.280,0.0582,0.730,0.0575,0.447,0.1880,0.000
0034.jpg,desk,0.2710,0.547,0.0757,0.722,0.1824,0.616,0.0862,0.700,0.1880,0.000
0036.jpg,desk,0.2799,0.530,0.0566,0.659,0.1008,0.843,0.0703,0.737,0.1880,0.000
0038.jpg,desk,0.1223,0.737,0.0977,0.721,0.1221,0.835,0.1006,0.723,0.1880,0.000
0039.jpg,desk,0.1286,0.743,0.0798,0.783,0.1084,0.846,0.0797,0.689,0.1880,0.000
0042.jpg,desk,0.0380,0.557,0.0140,0.629,0.0100,0.652,0.0182,0.621,0.1880,0.000
0043.jpg,desk,0.1068,0.587,0.0705,0.779,0.0733,0.773,0.0572,0.738,0.1880,0.000
0047.jpg,desk,0.1994,0.667,0.2027,0.803,0.2023,0.868,0.1550,0.707,0.1880,0.000
0049.jpg,desk,0.1545,0.752,0.0934,0.898,0.1007,0.834,0.0978,0.897,0.1880,0.000
0050.jpg,desk,0.1073,0.704,0.0914,0.739,0.1225,0.861,0.0797,0.693,0.1880,0.000
0051.jpg,desk,0.1003,0.631,0.0608,0.609,0.0942,0.763,0.0426,0.551,0.1880,0.000
0052.jpg,desk,0.1275,0.657,0.0392,0.723,0.0501,0.767,0.0415,0.748,0.1880,0.000
0055.jpg,desk,0.1747,0.539,0.1403,0.667,0.1747,0.539,0.1042,0.737,0.1880,0.000
0056.jpg,desk,0.0987,0.655,0.0798,0.786,0.0951,0.894,0.1041,0.639,0.1880,0.000
0058.jpg,desk,0.0532,0.689,0.0572,0.799,0.0664,0.862,0.0376,0.829,0.1880,0.000
0060.jpg,desk,0.0522,0.485,0.0048,0.767,0.0281,0.839,0.0264,0.759,0.1880,0.000
0006.png,sofa,0.0275,0.615,0.1133,0.709,0.1279,0.720,0.1159,0.730,0.0840,0.000
0009.png,sofa,0.1488,0.734,0.1730,0.817,0.2176,0.795,0.3209,0.748,0.0840,0.000
0013.png,sofa,0.1374,0.762,0.1115,0.718,0.1755,0.810,0.1281,0.775,0.0816,0.000
0026.png,sofa,0.1071,0.646,0.2168,0.759,0.2398,0.772,0.2308,0.783,0.0816,0.000
0030.png,sofa,0.0577,0.632,0.1247,0.672,0.1763,0.727,0.1231,0.738,0.0759,0.000
0038.png,sofa,0.1959,0.745,0.1457,0.595,0.2497,0.757,0.1490,0.681,0.0759,0.000
0039.png,sofa,0.0964,0.716,0.0526,0.694,0.1506,0.789,0.0325,0.539,0.0759,0.000
0051.png,sofa,0.0428,0.507,0.0264,0.660,0.0180,0.672,0.0196,0.651,0.0759,0.000
0056.png,sofa,0.1452,0.593,0.1851,0.545,0.2766,0.637,0.1441,0.616,0.0859,0.000
0060.png,sofa,0.2611,0.600,0.1633,0.498,0.3433,0.528,0.3220,0.540,0.0586,0.000
0062.png,sofa,0.1685,0.523,0.0858,0.415,0.2536,0.607,0.1045,0.601,0.0586,0.000
0063.png,sofa,0.1266,0.683,0.1114,0.745,0.1659,0.756,0.1407,0.722,0.0759,0.000
0066.png,sofa,0.0270,0.539,0.0421,0.652,0.0535,0.680,0.0140,0.662,0.0759,0.000
0067.png,sofa,0.1465,0.663,0.1385,0.668,0.1984,0.719,0.1552,0.756,0.0840,0.000
0068.png,sofa,0.0903,0.463,0.1688,0.545,0.1020,0.576,0.2378,0.513,0.0759,0.000
0069.png,sofa,0.1666,0.318,0.1072,0.493,0.2048,0.285,0.0749,0.453,0.0757,0.000
0085.png,sofa,0.0579,0.653,0.0524,0.577,0.0669,0.740,0.0260,0.545,0.0757,0.000
0087.png,sofa,0.1541,0.663,0.1132,0.734,0.1635,0.753,0.1515,0.746,0.0759,0.000
0089.png,sofa,0.0253,0.654,0.0091,0.771,0.0110,0.736,0.0107,0.750,0.0759,0.000
0095.png,sofa,0.0861,0.606,0.0419,0.676,0.0526,0.651,0.0709,0.693,0.0757,0.000
0098.png,sofa,0.1542,0.652,0.1455,0.599,0.1757,0.700,0.1851,0.755,0.0759,0.000
0099.png,sofa,0.0483,0.324,0.1680,0.402,0.3026,0.298,0.0499,0.364,0.0600,0.000
0101.png,sofa,0.2214,0.514,0.2079,0.622,0.2536,0.687,0.3666,0.781,0.0600,0.000
0103.png,sofa,0.1875,0.505,0.1862,0.634,0.2249,0.694,0.2351,0.667,0.0859,0.000
0104.png,sofa,0.1425,0.676,0.1636,0.629,0.2461,0.789,0.2114,0.670,0.0600,0.000
0106.png,sofa,0.1395,0.662,0.1799,0.438,0.2037,0.656,0.1350,0.630,0.0859,0.000
0107.png,sofa,0.0324,0.711,0.0684,0.737,0.0570,0.671,0.0552,0.670,0.0727,0.000
0111.png,sofa,0.2333,0.505,0.2312,0.684,0.2239,0.670,0.2996,0.722,0.0600,0.000
0112.png,sofa,0.2180,0.741,0.2220,0.798,0.2792,0.753,0.2706,0.826,0.0859,0.000
0113.png,sofa,0.0573,0.657,0.1261,0.737,0.1972,0.767,0.1390,0.750,0.0600,0.000
0001.png,table,0.0582,0.631,0.0315,0.742,0.0220,0.675,0.0657,0.798,0.0463,0.000
0002.png,table,0.1517,0.627,0.2530,0.788,0.2588,0.665,0.1538,0.795,0.0463,0.000
0003.png,table,0.0758,0.653,0.0309,0.694,0.0213,0.653,0.0341,0.796,0.0463,0.000
0006.png,table,0.0600,0.592,0.0826,0.682,0.0896,0.629,0.0822,0.661,0.0692,0.000
0010.png,table,0.0982,0.534,0.0405,0.711,0.0372,0.477,0.1916,0.806,0.0463,0.000
0011.png,table,0.0544,0.507,0.0310,0.713,0.0290,0.662,0.0388,0.714,0.1894,0.000
0015.png,table,0.2630,0.666,0.1081,0.468,0.1486,0.544,0.2184,0.497,0.0463,0.000
0016.png,table,0.0291,0.484,0.0227,0.668,0.0307,0.590,0.1031,0.774,0.1894,0.000
0019.png,table,0.1865,0.565,0.2234,0.691,0.2019,0.486,0.1052,0.777,0.0463,0.000
0021.png,table,0.1105,0.458,0.0964,0.682,0.0977,0.534,0.0818,0.495,0.1894,0.000
0022.png,table,0.0488,0.675,0.1523,0.491,0.2045,0.487,0.0632,0.597,0.1894,0.000
0027.png,table,0.0924,0.476,0.0971,0.692,0.1021,0.536,0.2746,0.601,0.1160,0.000
0028.png,table,0.1922,0.326,0.0598,0.662,0.0420,0.561,0.1523,0.596,0.1894,0.000
0031.png,table,0.1098,0.444,0.1030,0.490,0.0890,0.475,0.0924,0.709,0.1160,0.000
0035.png,table,0.0758,0.669,0.1154,0.654,0.0889,0.578,0.1225,0.810,0.0463,0.000
0036.png,table,0.1084,0.507,0.0604,0.774,0.0834,0.644,0.3003,0.786,0.1894,0.000
0038.png,table,0.1730,0.355,0.1157,0.420,0.0567,0.398,0.2552,0.481,0.0463,0.000
0042.png,table,0.0310,0.458,0.0215,0.439,0.0345,0.455,0.0646,0.389,0.0463,0.000
0043.png,table,0.0830,0.387,0.0340,0.455,0.0203,0.468,0.0303,0.553,0.0463,0.000
0044.png,table,0.0590,0.401,0.0431,0.517,0.0286,0.235,0.1207,0.382,0.0463,0.000
0045.png,table,0.0542,0.566,0.0552,0.734,0.0681,0.480,0.1543,0.787,0.0692,0.000
0047.png,table,0.2659,0.294,0.0536,0.642,0.1629,0.542,0.3786,0.688,0.1894,0.000
0048.png,table,0.0605,0.378,0.1624,0.718,0.1716,0.696,0.1367,0.771,0.0692,0.000
0049.png,table,0.2213,0.340,0.0978,0.576,0.3282,0.277,0.1670,0.328,0.1894,0.000
0050.png,table,0.1813,0.668,0.1732,0.637,0.1462,0.567,0.0375,0.790,0.0692,0.000
0052.png,table,0.2277,0.347,0.1338,0.650,0.1460,0.564,0.1868,0.403,0.1894,0.000
0053.png,table,0.1755,0.707,0.0502,0.645,0.0628,0.632,0.0349,0.814,0.0463,0.000
0054.png,table,0.1551,0.770,0.1391,0.823,0.1358,0.799,0.1714,0.889,0.0463,0.000
0055.png,table,0.1110,0.555,0.2269,0.563,0.2281,0.577,0.2297,0.759,0.1160,0.000
0056.png,table,0.1721,0.564,0.1419,0.876,0.1014,0.571,0.1102,0.827,0.2329,0.000
0001.jpg,wardrobe,0.0182,0.422,0.0697,0.764,0.0657,0.748,0.1109,0.709,0.0164,0.000
0002.jpg,wardrobe,0.0158,0.478,0.0328,0.769,0.0453,0.766,0.0454,0.631,0.0164,0.000
0003.jpg,wardrobe,0.0411,0.561,0.0098,0.800,0.0306,0.850,0.0222,0.755,0.0164,0.000
0004.jpg,wardrobe,0.0931,0.386,0.0425,0.689,0.0424,0.666,0.0490,0.615,0.0164,0.000
0006.jpg,wardrobe,0.0479,0.521,0.0206,0.760,0.0114,0.776,0.0252,0.776,0.0164,0.000
0007.jpg,wardrobe,0.0479,0.564,0.0483,0.725,0.1348,0.614,0.0220,0.733,0.0164,0.000
0008.jpg,wardrobe,0.1283,0.460,0.2486,0.796,0.2285,0.564,0.2842,0.548,0.0164,0.000
0009.jpg,wardrobe,0.2104,0.203,0.0494,0.769,0.0243,0.420,0.0568,0.707,0.0164,0.000
0010.jpg,wardrobe,0.0884,0.262,0.0472,0.544,0.2603,0.254,0.0826,0.593,0.0164,0.000
0011.jpg,wardrobe,0.0291,0.569,0.0325,0.723,0.0539,0.759,0.0198,0.775,0.0164,0.000
0012.jpg,wardrobe,0.0819,0.753,0.1064,0.866,0.1107,0.886,0.0738,0.850,0.0164,0.000
0013.jpg,wardrobe,0.2383,0.363,0.1147,0.762,0.0826,0.653,0.1571,0.714,0.0164,0.000
0014.jpg,wardrobe,0.0153,0.521,0.0158,0.843,0.0188,0.878,0.0211,0.801,0.0164,0.000
0015.jpg,wardrobe,0.0169,0.364,0.0661,0.680,0.0384,0.664,0.0701,0.560,0.0164,0.000
0016.jpg,wardrobe,0.2329,0.420,0.2207,0.668,0.2419,0.725,0.2900,0.694,0.0164,0.000
0018.jpg,wardrobe,0.0513,0.237,0.1449,0.287,0.2172,0.383,0.3335,0.311,0.0164,0.000
0020.jpg,wardrobe,0.0461,0.426,0.0442,0.762,0.0426,0.778,0.0369,0.727,0.0164,0.000
0022.jpg,wardrobe,0.0379,0.661,0.0154,0.783,0.0140,0.794,0.0180,0.787,0.0164,0.000
0023.jpg,wardrobe,0.0735,0.621,0.1303,0.845,0.1019,0.745,0.0669,0.764,0.0164,0.000
0024.jpg,wardrobe,0.1144,0.552,0.2606,0.653,0.2686,0.645,0.1478,0.727,0.0164,0.000
0025.jpg,wardrobe,0.1402,0.700,0.0852,0.782,0.1149,0.890,0.0951,0.645,0.0164,0.000
0026.jpg,wardrobe,0.2101,0.306,0.1100,0.394,0.1754,0.394,0.1147,0.130,0.0164,0.000
0027.jpg,wardrobe,0.1007,0.358,0.0672,0.732,0.0696,0.731,0.1213,0.688,0.0164,0.000
0028.jpg,wardrobe,0.1725,0.437,0.3078,0.789,0.2497,0.567,0.2587,0.566,0.0164,0.000
0029.jpg,wardrobe,0.0583,0.638,0.0580,0.824,0.0489,0.865,0.0464,0.584,0.0164,0.000
0030.jpg,wardrobe,0.0431,0.580,0.0062,0.810,0.0218,0.853,0.0158,0.782,0.0164,0.000
0031.jpg,wardrobe,0.0981,0.504,0.0376,0.895,0.0522,0.855,0.0967,0.801,0.0164,0.000
0032.jpg,wardrobe,0.1501,0.265,0.1197,0.256,0.1505,0.408,0.1570,0.320,0.0164,0.000
0033.jpg,wardrobe,0.0369,0.557,0.1993,0.577,0.2344,0.564,0.1274,0.712,0.0164,0.000
0035.jpg,wardrobe,0.0446,0.420,0.0118,0.728,0.0275,0.795,0.0113,0.666,0.0164,0.000
