category,sample_id,img_path,model_path,dim_0,dim_1,dim_2,n_points,latency_seconds,vram_peak_gb,success,error
chair,0,img/chair/3194.jpg,model/chair/IKEA_SIGURD/model.obj,1.0,0.7707041603277413,0.5881020443118957,250016,17.157411317995866,13.245072841644287,True,
chair,1,img/chair/0533.jpg,model/chair/SS_069/model.obj,1.0,0.6253357963154522,0.5579991545369085,341088,20.10802044999582,13.403080940246582,True,
chair,2,img/chair/0171.jpg,model/chair/SS_008/model.obj,1.0,0.6299840851485682,0.6168916827207866,437728,22.028871864000394,13.516384601593018,True,
chair,3,img/chair/3815.jpg,model/chair/IKEA_VILMAR_2/model.obj,1.0,0.6476924834497798,0.5096326585998084,140576,16.727377550996607,13.288441181182861,True,
chair,4,img/chair/1257.jpg,model/chair/SS_149/model.obj,1.0,0.9293724576811996,0.596625012714617,178560,19.355601460993057,13.393473625183105,True,
chair,5,img/chair/1130.jpg,model/chair/SS_137/model.obj,1.0,0.7110883914010361,0.602606375339132,230080,18.091653392002627,13.39633846282959,True,
chair,6,img/chair/1037.jpg,model/chair/SS_126/model.obj,1.0,0.671553965029258,0.5132952604198191,275808,18.83080787099607,13.401848793029785,True,
chair,7,img/chair/0658.jpg,model/chair/SS_086/model.obj,1.0,0.8044931207055149,0.6687035761175438,250112,19.467533487004403,13.412261486053467,True,
chair,8,img/chair/3793.jpg,model/chair/IKEA_VILMAR_2/model.obj,1.0,0.671646722686168,0.5255609190925925,119072,16.80948909199651,13.276281356811523,True,
chair,9,img/chair/0493.jpg,model/chair/SS_061/model.obj,1.0,0.642394865942516,0.6105597937918634,759584,30.935263940002187,15.027769565582275,True,
chair,10,img/chair/3393.jpg,model/chair/IKEA_STEFAN/model.obj,1.0,0.7155487320547141,0.4995194167384273,230944,19.14108504199976,13.321623802185059,True,
chair,11,img/chair/3811.jpg,model/chair/IKEA_VILMAR_2/model.obj,1.0,0.614532817020228,0.48858037326015347,144608,17.229416647001926,13.260259628295898,True,
chair,12,img/chair/2685.jpg,model/chair/IKEA_MARKUS/model_-0.115145579663_-0.050547346245.obj,1.0,0.6382733051790188,0.5296029712623842,401920,20.42633711200324,13.268704891204834,True,
chair,13,img/chair/0430.jpg,model/chair/SS_046/model.obj,1.0,0.6531071985453596,0.5352612999271394,451552,23.365666448007687,13.572762489318848,True,
chair,14,img/chair/2929.jpg,model/chair/IKEA_POANG_2/model.obj,1.0,0.7419884448813465,0.640364813126478,527872,22.207140468992293,13.286444187164307,True,
chair,15,img/chair/2009.jpg,model/chair/IKEA_INGOLF/model.obj,1.0,0.5307535089116767,0.4755752922957529,181536,17.389798856005655,13.300024032592773,True,
chair,16,img/chair/0199.jpg,model/chair/SS_011/model.obj,1.0,0.6954671387351749,0.5681753414828994,166880,17.994858920996194,13.396531105041504,True,
chair,17,img/chair/0191.jpg,model/chair/SS_010/model.obj,1.0,0.6968616874316015,0.5102288768652351,175584,18.060778396000387,13.396498203277588,True,
chair,18,img/chair/0457.jpg,model/chair/SS_054/model.obj,1.0,0.5991553533598162,0.5229145437707317,433824,21.476825125995674,13.484617233276367,True,
chair,19,img/chair/1017.jpg,model/chair/SS_124/model.obj,1.0,0.662461261658918,0.536330238830551,403552,20.535142660999554,13.4244384765625,True,
chair,20,img/chair/1077.jpg,model/chair/SS_130/model.obj,1.0,0.5672472378394917,0.4086679561625396,186016,18.50920718999987,13.423243999481201,True,
chair,21,img/chair/2483.jpg,model/chair/IKEA_KLAPPSTA_2/model.obj,1.0,0.8727510825452255,0.8465403108786261,263360,16.98271295998711,13.25609540939331,True,
chair,22,img/chair/2992.jpg,model/chair/IKEA_POANG_2/model.obj,1.0,0.7328911280972203,0.5963071593993753,805952,30.659003685010248,15.186609745025635,True,
chair,23,img/chair/0177.jpg,model/chair/SS_008/model.obj,1.0,0.5987611272241262,0.5871691632524433,368928,21.74640357500175,13.465543270111084,True,
chair,24,img/chair/2763.jpg,model/chair/IKEA_PATRIK/model_0.218465510842_-0.0787120753573.obj,1.0,0.7687826690373649,0.7438419505799605,600064,24.87028113800625,13.411430835723877,True,
chair,25,img/chair/0927.jpg,model/chair/SS_112/model.obj,1.0,0.8710644169228158,0.6646528038878196,333728,18.63734523099265,13.442555904388428,True,
chair,26,img/chair/3682.jpg,model/chair/IKEA_URBAN/model.obj,1.0,0.6447097418326029,0.5899929726262227,179872,16.852215688995784,13.294011116027832,True,
chair,27,img/chair/3252.jpg,model/chair/IKEA_SNILLE_1/model_0.885091505154_-0.0157731206494.obj,1.0,0.6409658665096762,0.6298166175402446,210656,16.911291652999353,13.253291130065918,True,
chair,28,img/chair/3562.jpg,model/chair/IKEA_TOBIAS/model.obj,1.0,0.7495768014988565,0.5310140789178214,157536,18.04723968700273,13.28903865814209,True,
chair,29,img/chair/2682.jpg,model/chair/IKEA_MARKUS/model_-0.656766089778_-0.0322199574009.obj,1.0,0.48097151574802677,0.45247380622203,206464,16.9901181919995,13.265003681182861,True,
chair,30,img/chair/1994.jpg,model/chair/IKEA_INGOLF/model.obj,1.0,0.6253405625282409,0.45659012400699045,263136,17.089955128991278,13.25779676437378,True,
chair,31,img/chair/1024.jpg,model/chair/SS_126/model.obj,1.0,0.6683804880907844,0.5043713332838529,255520,18.123205763011356,13.412419319152832,True,
chair,32,img/chair/2195.jpg,model/chair/IKEA_JOKKMOKK/model.obj,1.0,0.7125459459484637,0.7105956786432199,181376,17.951325576010277,13.271766185760498,True,
chair,33,img/chair/2920.jpg,model/chair/IKEA_POANG_2/model.obj,1.0,0.7901231997276985,0.6306777620894648,579872,24.070785428004456,13.943205833435059,True,
chair,34,img/chair/1272.jpg,model/chair/SS_151/model.obj,1.0,0.6395882315679955,0.5095113485800052,211392,18.725894306990085,13.439425468444824,True,
chair,35,img/chair/0053.png,model/chair/IKEA_POANG_1/model.obj,1.0,0.9836284190316494,0.5964083956005893,439008,21.368564121992677,13.368123054504395,True,
chair,36,img/chair/0745.jpg,model/chair/SS_092/model.obj,1.0,0.5187157225345946,0.3640035493392461,195648,19.051507837997633,13.42396593093872,True,
chair,37,img/chair/3540.jpg,model/chair/IKEA_TOBIAS/model.obj,1.0,0.6574833344171287,0.5649325524993816,189536,16.857819039010792,13.258904933929443,True,
chair,38,img/chair/2014.jpg,model/chair/IKEA_INGOLF/model.obj,1.0,0.656359110211978,0.5933924397763441,249824,16.966383921011584,13.264233589172363,True,
chair,39,img/chair/1534.jpg,model/chair/SS_186/model.obj,1.0,0.5158375860633054,0.4868710887954875,576672,25.323186656998587,14.074958324432373,True,
chair,40,img/chair/1271.jpg,model/chair/SS_151/model.obj,1.0,0.6042522304587625,0.5186301304520244,256768,18.213140074003604,13.439945220947266,True,
chair,41,img/chair/0726.jpg,model/chair/SS_091/model.obj,1.0,0.6594610547759776,0.5825603282001576,293088,20.256479210002,13.403286457061768,True,
chair,42,img/chair/1000.jpg,model/chair/SS_123/model.obj,1.0,0.6902058784406971,0.5370619756554185,232256,18.021089054993354,13.413880825042725,True,
chair,43,img/chair/1518.jpg,model/chair/SS_184/model.obj,1.0,0.7018114420077097,0.5227329633364214,277024,18.28855511599977,13.402533531188965,True,
chair,44,img/chair/0492.jpg,model/chair/SS_061/model.obj,1.0,0.6701400273661183,0.6255695538939144,518240,24.56273925199639,13.827655792236328,True,
chair,45,img/chair/0453.jpg,model/chair/SS_053/model.obj,1.0,0.600602511910155,0.534794976154562,270208,20.252507675992092,13.433046340942383,True,
chair,46,img/chair/1772.jpg,model/chair/IKEA_EKENAS/model.obj,1.0,0.9084892908897,0.7355565155543008,853408,32.72489245500765,15.50834608078003,True,
chair,47,img/chair/0470.jpg,model/chair/SS_056/model.obj,1.0,0.6037922601865883,0.5988329876863914,421536,22.374304572003894,13.515964984893799,True,
chair,48,img/chair/1637.jpg,model/chair/IKEA_BORJE/model.obj,1.0,0.48053102340107745,0.3493266021766206,109376,16.69291236200661,13.279165744781494,True,
chair,49,img/chair/1549.jpg,model/chair/IKEA_BERNHARD/model.obj,1.0,0.6435766448491547,0.6390831515312808,281792,17.48433066699363,13.252155780792236,True,
chair,50,img/chair/3003.jpg,model/chair/IKEA_POANG_2/model.obj,1.0,0.7151072435865038,0.6690723887189469,460768,21.16562179000175,13.472788333892822,True,
chair,51,img/chair/1210.jpg,model/chair/SS_143/model.obj,1.0,0.7801588289840821,0.6122675976549784,511264,23.361541639998904,13.815824508666992,True,
chair,52,img/chair/0248.jpg,model/chair/SS_017/model.obj,1.0,0.6721787891614197,0.5101429751017135,178912,19.294014806990162,13.433568954467773,True,
chair,53,img/chair/3756.jpg,model/chair/IKEA_VILMAR_2/model.obj,1.0,0.7224681597351869,0.574838507430287,121408,16.790021540989983,13.255797386169434,True,
chair,54,img/chair/2253.jpg,model/chair/IKEA_JULES_1/model_-0.36883592487_0.00134479885297.obj,1.0,0.5650147417089201,0.5348125588590695,129952,16.688079168001423,13.255629062652588,True,
chair,55,img/chair/2638.jpg,model/chair/IKEA_MARKUS/model_-0.444581584272_-0.0497236805635.obj,1.0,0.46742353221072847,0.4463504099821314,188832,16.84857960100635,13.252233505249023,True,
chair,56,img/chair/0592.jpg,model/chair/SS_076/model.obj,1.0,0.728813210706276,0.4914620912522976,302528,19.804778128993348,13.397005558013916,True,
chair,57,img/chair/1764.jpg,model/chair/IKEA_EKENAS/model.obj,1.0,0.8361045088423266,0.7829298951725057,967232,40.83955047800555,16.297993659973145,True,
chair,58,img/chair/0395.jpg,model/chair/SS_039/model.obj,1.0,0.6670543098301103,0.5182765991198286,284512,18.929690293996828,13.483642578125,True,
chair,59,img/chair/2718.jpg,model/chair/IKEA_NILS/model.obj,1.0,0.8225819150129225,0.710301068396235,542432,21.914864380989457,13.804467678070068,True,
chair,60,img/chair/1335.jpg,model/chair/SS_159/model.obj,1.0,0.7603193116998453,0.6761369395473726,674784,29.482399882996106,14.594521522521973,True,
chair,61,img/chair/3136.jpg,model/chair/IKEA_REIDAR/model.obj,1.0,0.6754491706658673,0.5014809100126685,164160,16.884235720994184,13.311169147491455,True,
chair,62,img/chair/3081.jpg,model/chair/IKEA_PREBEN/model.obj,1.0,0.633911442323675,0.46121733772973467,220480,16.878041432006285,13.253693103790283,True,
chair,63,img/chair/1658.jpg,model/chair/IKEA_BORJE/model.obj,1.0,0.5995357051790279,0.5951269554277373,139392,16.80553864200192,13.28131103515625,True,
chair,64,img/chair/2854.jpg,model/chair/IKEA_POANG_2/model.obj,1.0,0.7296293393476835,0.6425226965404875,547040,22.85121107699524,13.795527458190918,True,
chair,65,img/chair/0896.jpg,model/chair/SS_109/model.obj,1.0,0.5373213040142893,0.4609247744427013,199136,18.20429940300528,13.437238216400146,True,
chair,66,img/chair/3588.jpg,model/chair/IKEA_TOBIAS/model.obj,1.0,0.6940228353323301,0.5638922999695293,185504,17.389353971011587,13.259994506835938,True,
chair,67,img/chair/0357.jpg,model/chair/SS_033/model.obj,1.0,0.6454734994850515,0.603798766480854,655744,26.200786485002027,14.455770492553711,True,
chair,68,img/chair/0258.jpg,model/chair/SS_018/model.obj,1.0,0.7198322865907241,0.6606782970793046,407808,21.272708364005666,13.446499347686768,True,
chair,69,img/chair/3311.jpg,model/chair/IKEA_SNILLE_1/model_0.234139738566_-0.057290945811.obj,1.0,0.6209143990085686,0.6150289904092208,217056,18.050286067998968,13.40025281906128,True,
chair,70,img/chair/1058.jpg,model/chair/SS_128/model.obj,1.0,0.8158970872288426,0.5864864412411357,256352,19.32504868300748,13.401561260223389,True,
chair,71,img/chair/1319.jpg,model/chair/SS_157/model.obj,1.0,0.6817034725725831,0.5931594030794164,340800,19.839839735010173,13.403278827667236,True,
chair,72,img/chair/0400.jpg,model/chair/SS_040/model.obj,1.0,0.6399559519251103,0.5619337480352273,469856,22.202146712006652,13.636999130249023,True,
chair,73,img/chair/1078.jpg,model/chair/SS_130/model.obj,1.0,0.6060725171726594,0.4254486953574854,244768,17.982904570992105,13.42789077758789,True,
chair,74,img/chair/0487.jpg,model/chair/SS_060/model.obj,1.0,0.6544984013341484,0.6015287895284412,434048,22.220783315002336,13.49342679977417,True,
chair,75,img/chair/2229.jpg,model/chair/IKEA_JULES_1/model_0.23276401197_-0.0673071396119.obj,1.0,0.6597099020166515,0.6509646419814961,135008,16.77515459099959,13.286767959594727,True,
chair,76,img/chair/3174.jpg,model/chair/IKEA_SIGURD/model.obj,1.0,0.6826641198793849,0.5651190737924635,197984,16.833372641005553,13.253891468048096,True,
chair,77,img/chair/1675.jpg,model/chair/IKEA_BORJE/model.obj,1.0,0.6208527360297199,0.5232943613855082,141472,16.691891171998577,13.261023044586182,True,
chair,78,img/chair/0760.jpg,model/chair/SS_094/model.obj,1.0,0.5779287147771189,0.5131367490478713,185888,18.914852814006736,13.395817756652832,True,
chair,79,img/chair/1711.jpg,model/chair/IKEA_BORJE/model.obj,1.0,0.4792299919985377,0.3289305479022591,126752,17.586275466994266,13.257149696350098,True,
chair,80,img/chair/1619.jpg,model/chair/IKEA_BERNHARD/model.obj,1.0,0.7389651985978647,0.5859916437655254,300736,17.65807763299381,13.256132125854492,True,
chair,81,img/chair/0977.jpg,model/chair/SS_121/model.obj,1.0,0.9747700370731969,0.6732288999416219,252096,18.035232545997133,13.414224624633789,True,
chair,82,img/chair/3357.jpg,model/chair/IKEA_SOLSTA_OLARP/model.obj,1.0,0.969464423630149,0.9112054692318557,1073184,43.932733804002055,17.13010883331299,True,
chair,83,img/chair/1221.jpg,model/chair/SS_144/model.obj,1.0,0.6756209185857863,0.5185295169206027,287456,19.481786410004133,13.490994453430176,True,
chair,84,img/chair/3567.jpg,model/chair/IKEA_TOBIAS/model.obj,1.0,0.7396798790298752,0.5714369314448307,186976,16.831241451000096,13.275016784667969,True,
chair,85,img/chair/3430.jpg,model/chair/IKEA_STEFAN/model.obj,1.0,0.6526483523208803,0.46594191496280496,229152,16.886343021003995,13.254159450531006,True,
chair,86,img/chair/3245.jpg,model/chair/IKEA_SNILLE_1/model_0.725428017558_0.0404594608338.obj,1.0,0.6820044274788286,0.674076302354872,228384,18.298565730001428,13.268872261047363,True,
chair,87,img/chair/0365.jpg,model/chair/SS_034/model.obj,1.0,0.632929721191678,0.6145400413980101,534496,23.94814850098919,13.885658740997314,True,
chair,88,img/chair/3031.jpg,model/chair/IKEA_POANG_2/model.obj,1.0,0.7437533175334033,0.6358861581744985,535680,22.78106217099412,13.805047512054443,True,
chair,89,img/chair/3171.jpg,model/chair/IKEA_SIGURD/model.obj,1.0,0.6071938853190795,0.5422442838493526,189920,16.912824177998118,13.30267333984375,True,
chair,90,img/chair/0796.jpg,model/chair/SS_097/model.obj,1.0,0.5454989015604647,0.502322729118432,301472,20.568379516000277,13.397070407867432,True,
chair,91,img/chair/2626.jpg,model/chair/IKEA_MARKUS/model_0.1700827928_-0.0328753378382.obj,1.0,0.49134062972608833,0.4602981313872141,200288,17.0383789500047,13.300961017608643,True,
chair,92,img/chair/3754.jpg,model/chair/IKEA_VILMAR_2/model.obj,1.0,0.6124321670052874,0.5043938597334994,129536,17.409799881002982,13.26559066772461,True,
chair,93,img/chair/1129.jpg,model/chair/SS_137/model.obj,1.0,0.6652065356984072,0.5837523275210083,209888,18.087723497999832,13.393344402313232,True,
chair,94,img/chair/0763.jpg,model/chair/SS_095/model.obj,1.0,0.4962941601602559,0.4587917341123881,148928,18.210244205998606,13.401340961456299,True,
chair,95,img/chair/2268.jpg,model/chair/IKEA_JULES_1/model_0.31386851527_0.0150377958795.obj,1.0,0.6354516232282681,0.5797593011659882,162624,16.896773340005893,13.255380630493164,True,
chair,96,img/chair/1770.jpg,model/chair/IKEA_EKENAS/model.obj,1.0,0.9422097459365896,0.7049049921122528,993824,43.31202537000354,16.488550186157227,True,
chair,97,img/chair/1234.jpg,model/chair/SS_146/model.obj,1.0,0.6105120943800466,0.4364592943544694,153760,18.241334254009416,13.483273029327393,True,
chair,98,img/chair/3198.jpg,model/chair/IKEA_SIGURD/model.obj,1.0,0.727868069917424,0.5467513948474938,249728,17.140985643010936,13.270154476165771,True,
chair,99,img/chair/3469.png,model/chair/IKEA_STEFAN/model.obj,1.0,0.5991639377526753,0.4412367890964226,165344,16.790315587000805,13.266504764556885,True,
chair,100,img/chair/2744.jpg,model/chair/IKEA_NILS/model.obj,1.0,0.7754830614708349,0.7418662549145829,548800,22.069821247001528,13.80570650100708,True,
chair,101,img/chair/1021.jpg,model/chair/SS_125/model.obj,1.0,0.9370413081421954,0.7523780188413761,444192,21.948986999996123,13.564599990844727,True,
chair,102,img/chair/3440.jpg,model/chair/IKEA_STEFAN/model.obj,1.0,0.6671886102690832,0.4883389675071114,175200,17.81589631800307,13.287734985351562,True,
chair,103,img/chair/1468.jpg,model/chair/SS_177/model.obj,1.0,0.7423613790500422,0.5020645109065673,315520,19.256641619998845,13.396124839782715,True,
chair,104,img/chair/0300.jpg,model/chair/SS_025/model.obj,1.0,0.7813732223835647,0.7785167092451294,289408,19.23848267699941,13.415316104888916,True,
chair,105,img/chair/1063.jpg,model/chair/SS_129/model.obj,1.0,0.7371700414476192,0.6532931055719791,286112,19.454707255004905,13.412336349487305,True,
chair,106,img/chair/0200.jpg,model/chair/SS_011/model.obj,1.0,0.7197445875561019,0.5833308780116586,177312,17.975844315995346,13.412518501281738,True,
chair,107,img/chair/1432.jpg,model/chair/SS_173/model.obj,1.0,0.6324896600129484,0.4707446488259542,247072,19.166832880990114,13.396259784698486,True,
chair,108,img/chair/1900.jpg,model/chair/IKEA_HERMAN/model.obj,1.0,0.6476537737207513,0.4676773470805576,187264,17.521703796999645,13.261630058288574,True,
chair,109,img/chair/1224.jpg,model/chair/SS_145/model.obj,1.0,0.5184239785220224,0.5017274711928843,189696,18.15103944200382,13.397063732147217,True,
chair,110,img/chair/0344.jpg,model/chair/SS_031/model.obj,1.0,0.6098592010799597,0.4916535233506096,190528,17.997229259999585,13.397054195404053,True,
chair,111,img/chair/0983.jpg,model/chair/SS_122/model.obj,1.0,0.9364728428976126,0.8971550091680663,604160,26.110827190001146,13.533886432647705,True,
chair,112,img/chair/2796.jpg,model/chair/IKEA_POANG_1/model.obj,1.0,0.9192927292850601,0.6857517186886559,546720,24.237832004000666,13.838398456573486,True,
chair,113,img/chair/3695.jpg,model/chair/IKEA_URBAN/model.obj,1.0,0.6955318902394755,0.558489370167216,193568,16.818262419998064,13.2994384765625,True,
chair,114,img/chair/1428.jpg,model/chair/SS_172/model.obj,1.0,0.7796443414005954,0.6809112605379742,740960,31.922108936996665,14.923413753509521,True,
chair,115,img/chair/0989.jpg,model/chair/SS_122/model.obj,1.0,0.9698684215646244,0.9605317108163648,716160,28.182586966999224,14.84221363067627,True,
chair,116,img/chair/3280.jpg,model/chair/IKEA_SNILLE_1/model_0.309161832259_0.000344334084232.obj,1.0,0.6555255184194352,0.644426604572343,222112,17.078973422991112,13.319764137268066,True,
chair,117,img/chair/2456.jpg,model/chair/IKEA_KLAPPSTA_1/model.obj,1.0,0.9645886104985996,0.8233117971247099,1132000,46.25149894900096,17.60776662826538,True,
chair,118,img/chair/1874.jpg,model/chair/IKEA_FUSION/model.obj,1.0,0.5841084536968262,0.3926243758284275,179360,16.85174870499759,13.364861488342285,True,
chair,119,img/chair/3213.jpg,model/chair/IKEA_SIGURD/model.obj,1.0,0.6809414224813439,0.5183716757148643,250816,17.996530525007984,13.259825706481934,True,
chair,120,img/chair/2251.jpg,model/chair/IKEA_JULES_1/model_0.408361305863_-0.000999748488913.obj,1.0,0.649968027307634,0.6429989756705571,162496,17.883514528002706,13.307954788208008,True,
chair,121,img/chair/0672.jpg,model/chair/SS_087/model.obj,1.0,0.7294318352438771,0.7031448170141065,350016,20.460659901989857,13.395991802215576,True,
chair,122,img/chair/1211.jpg,model/chair/SS_143/model.obj,1.0,0.7404364907987155,0.5304323536298667,542976,25.211320556001738,13.417348861694336,True,
chair,123,img/chair/1137.jpg,model/chair/SS_137/model.obj,1.0,0.6841372091544586,0.5912985291978791,227552,18.283613420004258,13.438629627227783,True,
chair,124,img/chair/3833.jpg,model/chair/IKEA_VRETA/model.obj,1.0,0.8007165293393773,0.6585416755014807,314432,18.14224007600569,13.268949508666992,True,
chair,125,img/chair/2764.jpeg,model/chair/IKEA_PATRIK/model_-0.166083752808_-0.105098894836.obj,1.0,0.6825159755979694,0.5837042754756748,353216,18.822494555002777,13.27440357208252,True,
chair,126,img/chair/2653.jpg,model/chair/IKEA_MARKUS/model_0.166801249786_-0.0113351668888.obj,1.0,0.5258711212054261,0.4808271650311911,230880,17.066569934002473,13.3038010597229,True,
chair,127,img/chair/1203.jpg,model/chair/SS_143/model.obj,1.0,0.7982067095447647,0.6498174934797781,533920,25.090599376999307,13.885443210601807,True,
chair,128,img/chair/2892.jpg,model/chair/IKEA_POANG_2/model.obj,1.0,0.6883026790917408,0.6317641396446512,455104,21.82809037300467,13.504053592681885,True,
chair,129,img/chair/2044.jpg,model/chair/IKEA_IVAR/model.obj,1.0,0.5602718494106986,0.4139368005257746,196000,16.878072360006627,13.285838603973389,True,
chair,130,img/chair/2884.jpg,model/chair/IKEA_POANG_2/model.obj,1.0,0.6917765160087482,0.6418037282390419,399840,19.94223760299792,13.258923530578613,True,
chair,131,img/chair/1892.jpg,model/chair/IKEA_HERMAN/model.obj,1.0,0.68526860279365,0.48584208540425994,173856,17.995890610007336,13.27733564376831,True,
chair,132,img/chair/1659.jpg,model/chair/IKEA_BORJE/model.obj,1.0,0.5533728011369274,0.3768877546677582,162784,16.977475480001885,13.254404544830322,True,
chair,133,img/chair/1020.jpg,model/chair/SS_125/model.obj,1.0,0.9349749070846178,0.7438993079776707,401824,21.472701238002628,13.39637041091919,True,
chair,134,img/chair/0653.jpg,model/chair/SS_085/model.obj,1.0,0.7333672821405439,0.6826573373686762,872704,35.99686523800483,14.388568878173828,True,
chair,135,img/chair/2507.jpg,model/chair/IKEA_MARIUS/model.obj,1.0,0.8084857252617991,0.7963390145230799,194432,16.80857500799175,13.327842712402344,True,
chair,136,img/chair/2426.jpg,model/chair/IKEA_KAUSTBY/model.obj,1.0,0.531889376852547,0.40455363215521417,147616,17.31619745999342,13.265517234802246,True,
chair,137,img/chair/0446.jpg,model/chair/SS_051/model.obj,1.0,0.6206268414959121,0.5088521673110367,420736,22.045272673,13.438283443450928,True,
chair,138,img/chair/0263.jpg,model/chair/SS_018/model.obj,1.0,0.7279571991025893,0.6666907455512255,470624,22.91756817800342,13.648810386657715,True,
chair,139,img/chair/0526.jpg,model/chair/SS_067/model.obj,1.0,0.6812289143876826,0.6152328413355368,318912,19.679257520998362,13.42862319946289,True,
chair,140,img/chair/0716.jpg,model/chair/SS_091/model.obj,1.0,0.6678391198622236,0.6168280846095348,298368,19.881580418994417,13.414221286773682,True,
chair,141,img/chair/3129.jpg,model/chair/IKEA_REIDAR/model.obj,1.0,0.6359797584487931,0.518038142385833,126080,17.22602642599668,13.27309274673462,True,
chair,142,img/chair/0747.jpg,model/chair/SS_092/model.obj,1.0,0.6289720383714039,0.49253793797074796,247648,18.314993399006198,13.389310836791992,True,
chair,143,img/chair/3415.jpg,model/chair/IKEA_STEFAN/model.obj,1.0,0.5856547010449402,0.46501024332139895,160768,16.805457731999923,13.266443252563477,True,
chair,144,img/chair/2011.jpg,model/chair/IKEA_INGOLF/model.obj,1.0,0.6444601653263888,0.49769942876076056,195840,17.52711147700029,13.25637435913086,True,
chair,145,img/chair/2962.jpg,model/chair/IKEA_POANG_2/model.obj,1.0,0.6621975985703492,0.6124906701311665,276448,18.3541804060078,13.255380153656006,True,
chair,146,img/chair/0333.jpg,model/chair/SS_029/model.obj,1.0,0.6931269555019286,0.5305834143718919,198592,19.069222594000166,13.412749290466309,True,
chair,147,img/chair/1808.jpg,model/chair/IKEA_EKTORP_2/model.obj,1.0,0.993113384892449,0.8629674787873299,1062496,42.80444239299686,17.028672218322754,True,
chair,148,img/chair/1784.jpg,model/chair/IKEA_EKENAS/model.obj,1.0,0.8552389707869961,0.8062096343608012,1111456,44.55625160600175,17.54854726791382,True,
chair,149,img/chair/2958.jpg,model/chair/IKEA_POANG_2/model.obj,1.0,0.757455883635249,0.5992000134002685,623616,24.683402565002325,13.554357528686523,True,
chair,150,img/chair/2297.jpg,model/chair/IKEA_JULES_1/model_-0.539484644247_0.0762560845204.obj,1.0,0.5883189131650493,0.5347276960832071,193248,17.73723532499571,13.300618171691895,True,
chair,151,img/chair/2599.jpg,model/chair/IKEA_MARKUS/model_0.135569548539_-0.00531598970793.obj,1.0,0.5427158595295475,0.4742350959959226,207968,17.023088328001904,13.257526397705078,True,
chair,152,img/chair/1156.jpg,model/chair/SS_139/model.obj,1.0,0.6823793565887909,0.6062866817213544,303296,19.006026777002262,13.401216983795166,True,
chair,153,img/chair/2726.jpg,model/chair/IKEA_NILS/model.obj,1.0,0.8139699594013198,0.5960410704550522,455360,20.896804025993333,13.436405181884766,True,
chair,154,img/chair/0104.png,model/chair/IKEA_POANG_2/model.obj,1.0,0.7316722378065503,0.6380893963570805,481056,21.034889782997197,13.554752826690674,True,
chair,155,img/chair/3414.jpg,model/chair/IKEA_STEFAN/model.obj,1.0,0.5745390889082969,0.4288454355275204,150912,17.775908138995874,13.31529712677002,True,
chair,156,img/chair/3710.jpg,model/chair/IKEA_URBAN/model.obj,1.0,0.6476190983648431,0.5582259645089698,162496,17.743348978008726,13.25951623916626,True,
chair,157,img/chair/0546.jpg,model/chair/SS_070/model.obj,1.0,0.7086214022278677,0.6056898380772184,391680,20.555007060000207,13.396714687347412,True,
chair,158,img/chair/3422.jpg,model/chair/IKEA_STEFAN/model.obj,1.0,0.6572928381007812,0.4927970573049845,175840,17.416137288993923,13.35392427444458,True,
chair,159,img/chair/2643.jpeg,model/chair/IKEA_MARKUS/model_-0.425071835744_-0.0722116688459.obj,1.0,0.4955945368707914,0.41998600731300545,185568,16.978401557003963,13.283463954925537,True,
chair,160,img/chair/1220.jpg,model/chair/SS_144/model.obj,1.0,0.6701811979767605,0.506941998343795,354976,20.683256996999262,13.396795749664307,True,
chair,161,img/chair/3202.jpg,model/chair/IKEA_SIGURD/model.obj,1.0,0.7725040761101465,0.6130935238609448,239360,16.89432897500228,13.288856983184814,True,
chair,162,img/chair/1337.jpg,model/chair/SS_159/model.obj,1.0,0.8073593314145453,0.6831938391348988,741120,30.171478961987305,13.930323600769043,True,
chair,163,img/chair/2080.jpg,model/chair/IKEA_IVAR/model.obj,1.0,0.5701710867666103,0.464570180813372,124896,16.586532386005274,13.314287185668945,True,
chair,164,img/chair/0738.jpg,model/chair/SS_092/model.obj,1.0,0.5509177384698284,0.413896893486693,206656,18.5695952160022,13.390710353851318,True,
chair,165,img/chair/2230.jpg,model/chair/IKEA_JULES_1/model_-0.273839578866_0.00610779881406.obj,1.0,0.6383472400178265,0.6257272541246894,158848,16.87732030499319,13.260056495666504,True,
chair,166,img/chair/0026.png,model/chair/IKEA_STEFAN/model.obj,1.0,0.6736210490149189,0.4745474760188074,173952,16.79327376600122,13.252618789672852,True,
chair,167,img/chair/3718.jpg,model/chair/IKEA_URBAN/model.obj,1.0,0.6595530085143001,0.5700494789619461,162720,17.718024501999025,13.275804996490479,True,
chair,168,img/chair/3703.jpg,model/chair/IKEA_URBAN/model.obj,1.0,0.6820498889156871,0.5237817698394369,190752,17.635893783997744,13.253499031066895,True,
chair,169,img/chair/1205.jpg,model/chair/SS_143/model.obj,1.0,0.7516768482366952,0.5412580493771145,498464,23.001722911998513,13.73211145401001,True,
chair,170,img/chair/2462.jpg,model/chair/IKEA_KLAPPSTA_1/model.obj,1.0,0.9380321653904705,0.8329748299126319,1227712,43.64308990500285,18.514110565185547,True,
chair,171,img/chair/0830.jpg,model/chair/SS_102/model.obj,1.0,0.6976223107454694,0.6861424587519557,281760,19.207703780004522,13.50732135772705,True,
chair,172,img/chair/2495.jpg,model/chair/IKEA_KLAPPSTA_2/model.obj,1.0,0.9856658402909756,0.9485545302042038,1141568,45.76117490598699,17.719778060913086,True,
chair,173,img/chair/0512.jpg,model/chair/SS_065/model.obj,1.0,0.5923160174475749,0.5540023176237738,485152,23.073589541992988,13.780115604400635,True,
chair,174,img/chair/3115.jpg,model/chair/IKEA_REIDAR/model.obj,1.0,0.6262905787243946,0.5178152106125914,119008,16.840345428005094,13.294073104858398,True,
chair,175,img/chair/1359.jpg,model/chair/SS_162/model.obj,1.0,0.6277353264860697,0.5130909971667462,379776,21.053907333989628,13.391098499298096,True,
chair,176,img/chair/3192.jpg,model/chair/IKEA_SIGURD/model.obj,1.0,0.713869486733768,0.5315920483573244,265728,17.079310681001516,13.291086673736572,True,
chair,177,img/chair/3030.jpg,model/chair/IKEA_POANG_2/model.obj,1.0,0.6768399704444346,0.5828751538124892,635584,25.66190896499029,14.238465309143066,True,
chair,178,img/chair/1736.jpg,model/chair/IKEA_BORJE/model.obj,1.0,0.590695597523438,0.43918373834637153,149920,16.84891913201136,13.301921844482422,True,
chair,179,img/chair/0753.jpg,model/chair/SS_093/model.obj,1.0,0.6643563434924687,0.6594841715823444,250144,18.235942624000018,13.396520137786865,True,
chair,180,img/chair/2655.jpg,model/chair/IKEA_MARKUS/model_-0.701775337412_-0.0810799058398.obj,1.0,0.4962462306551924,0.43466764171288763,265248,18.09471420200134,13.267869472503662,True,
chair,181,img/chair/2609.jpg,model/chair/IKEA_MARKUS/model_0.392427996482_-0.169841808815.obj,1.0,0.5450091028310373,0.5151807888766458,340096,18.647922085001483,13.269188404083252,True,
chair,182,img/chair/0004.png,model/chair/IKEA_POANG_2/model.obj,1.0,0.7199394766964666,0.6033175952458879,535712,22.19625076999364,13.759403705596924,True,
chair,183,img/chair/2974.jpg,model/chair/IKEA_POANG_2/model.obj,1.0,0.7131713612826684,0.6395438690221146,536960,22.234720541004208,13.819557189941406,True,
chair,184,img/chair/1467.jpg,model/chair/SS_177/model.obj,1.0,0.7971406631711494,0.6973704147773718,431456,21.701548723998712,13.517176151275635,True,
chair,185,img/chair/2398.jpg,model/chair/IKEA_KAUSTBY/model.obj,1.0,0.5289239374350075,0.4155134694195829,143456,16.803442171003553,13.28874921798706,True,
chair,186,img/chair/0147.jpg,model/chair/SS_005/model.obj,1.0,0.6085734875467746,0.5725723716031385,376000,21.188708054993185,13.395140171051025,True,
chair,187,img/chair/0535.jpg,model/chair/SS_069/model.obj,1.0,0.6746995263602076,0.5361861543175099,313280,20.011364061996574,13.419780254364014,True,
chair,188,img/chair/1664.jpg,model/chair/IKEA_BORJE/model.obj,1.0,0.4859175269440658,0.41968446372807533,131008,16.761568326997804,13.286434173583984,True,
chair,189,img/chair/1396.jpg,model/chair/SS_167/model.obj,1.0,0.5987498956553502,0.5084565698225146,232768,18.13228996799444,13.393941402435303,True,
chair,190,img/chair/1106.jpg,model/chair/SS_134/model.obj,1.0,0.6278608851426323,0.5433168994484489,192480,18.871911239999463,13.402560710906982,True,
chair,191,img/chair/0308.jpg,model/chair/SS_026/model.obj,1.0,0.6526129599364626,0.6408744897760775,329312,19.469220516999485,13.396960735321045,True,
chair,192,img/chair/1112.jpg,model/chair/SS_135/model.obj,1.0,0.7478274516728942,0.5175927319333734,439232,21.527552678002394,13.524368286132812,True,
chair,193,img/chair/0424.jpg,model/chair/SS_044/model.obj,1.0,0.7694891209880033,0.7529905397332769,523840,23.552593353990233,13.86525583267212,True,
chair,194,img/chair/3770.jpg,model/chair/IKEA_VILMAR_2/model.obj,1.0,0.6984990208547105,0.520657268278698,164352,17.973028980006347,13.295862674713135,True,
chair,195,img/chair/2385.jpg,model/chair/IKEA_KAUSTBY/model.obj,1.0,0.5237060679449534,0.3873381590552776,138336,17.031499760007137,13.298905849456787,True,
chair,196,img/chair/0356.jpg,model/chair/SS_033/model.obj,1.0,0.6675964727087099,0.622386716885363,504768,24.92453235499852,13.752996444702148,True,
chair,197,img/chair/2619.jpg,model/chair/IKEA_MARKUS/model_0.805839422316_-0.0492137996173.obj,1.0,0.5088959455691993,0.4574237680318007,235712,17.043029787004343,13.302687644958496,True,
chair,198,img/chair/0596.jpg,model/chair/SS_077/model.obj,1.0,0.9547589510930176,0.7141705581358043,356256,19.85253496399673,13.402643203735352,True,
chair,199,img/chair/0610.jpg,model/chair/SS_080/model.obj,1.0,0.7525424856589423,0.5557134976078035,434272,21.10068672700436,13.506712913513184,True,
chair,200,img/chair/3301.jpg,model/chair/IKEA_SNILLE_1/model_0.234407487697_0.040966288141.obj,1.0,0.6412408692265473,0.6189619267336168,226336,16.99769150800421,13.293260097503662,True,
chair,201,img/chair/2329.jpg,model/chair/IKEA_JULES_2/model.obj,1.0,0.5740543463860239,0.5731531269984442,166016,17.278003242012346,13.265210628509521,True,
chair,202,img/chair/2705.jpg,model/chair/IKEA_NILS/model.obj,1.0,0.8396145159407566,0.6023074330302862,432448,20.773243496994837,13.367600917816162,True,
chair,203,img/chair/0771.jpg,model/chair/SS_096/model.obj,1.0,0.5420815388858835,0.5144937428668606,181792,18.022820624013548,13.424581050872803,True,
chair,204,img/chair/1212.jpg,model/chair/SS_143/model.obj,1.0,0.7483963610028113,0.567655626182813,589216,26.120419334009057,14.126330375671387,True,
chair,205,img/chair/2593.jpg,model/chair/IKEA_MARIUS/model.obj,1.0,0.8358974612169615,0.7952331706244442,281600,17.115226879002876,13.300031661987305,True,
chair,206,img/chair/3015.jpg,model/chair/IKEA_POANG_2/model.obj,1.0,0.7412667916052821,0.6456930024949279,501696,21.76568154200504,13.620742797851562,True,
chair,207,img/chair/2019.jpg,model/chair/IKEA_INGOLF/model.obj,1.0,0.6103679049096024,0.45926446903908597,182048,16.94338496599812,13.320024013519287,True,
chair,208,img/chair/0986.jpg,model/chair/SS_122/model.obj,1.0,0.9779856605606838,0.8219147221276877,677344,24.99999532199581,14.56997013092041,True,
chair,209,img/chair/2654.jpg,model/chair/IKEA_MARKUS/model_0.765573154197_-0.0543742073802.obj,1.0,0.4813483882504899,0.47816982747620207,230624,17.458463767005014,13.369858264923096,True,
chair,210,img/chair/3757.jpg,model/chair/IKEA_VILMAR_2/model.obj,1.0,0.777890580786679,0.7115121771475281,131584,17.463482418999774,13.259045600891113,True,
chair,211,img/chair/3480.jpg,model/chair/IKEA_STEFAN/model.obj,1.0,0.6076449701794545,0.43856348100920917,177568,17.773099101003027,13.256730556488037,True,
chair,212,img/chair/0936.jpg,model/chair/SS_113/model.obj,1.0,0.7994318791049039,0.5513770640921436,263168,18.639334895007778,13.396275997161865,True,
chair,213,img/chair/3660.jpg,model/chair/IKEA_TOBIAS/model.obj,1.0,0.7135516457316349,0.5013699388234678,200832,16.917580181005178,13.272769927978516,True,
chair,214,img/chair/1414.jpg,model/chair/SS_169/model.obj,1.0,0.6702412326175612,0.4695574410305416,346464,21.081082571006846,13.40106201171875,True,
chair,215,img/chair/1891.jpg,model/chair/IKEA_HERMAN/model.obj,1.0,0.6545842688946214,0.49199753185408085,158752,16.93779192501097,13.281229972839355,True,
chair,216,img/chair/3363.jpg,model/chair/IKEA_SOLSTA_OLARP/model.obj,1.0,0.9697981393039413,0.6933711395487961,881600,33.97256970500166,15.665671825408936,True,
chair,217,img/chair/1732.jpg,model/chair/IKEA_BORJE/model.obj,1.0,0.6637717645777613,0.5450520302811634,144288,17.589621708000777,13.328595638275146,True,
sofa,218,img/sofa/1370.jpg,model/sofa/IKEA_LYCKSELE/model.obj,1.0,0.8173291770242338,0.5758885568159284,551872,22.92560286099615,13.81778335571289,True,
sofa,219,img/sofa/1582.jpg,model/sofa/IKEA_SKOGABY/model.obj,1.0,0.4993675288037582,0.4602921557909988,347104,19.351312306011096,13.299697399139404,True,
sofa,220,img/sofa/1405.jpg,model/sofa/IKEA_MANSTAD/model.obj,1.0,0.677007036951953,0.3611987477710773,511040,22.101431949995458,13.65976333618164,True,
sofa,221,img/sofa/0530.jpg,model/sofa/IKEA_KARLSTAD_2/model.obj,1.0,0.5254443750392822,0.4780942318236282,421568,20.14194027800113,13.341367721557617,True,
sofa,222,img/sofa/0888.jpg,model/sofa/IKEA_KLAPPSTA/model.obj,1.0,0.9594015617046815,0.8683369841580606,1226752,50.076433113004896,15.757184028625488,True,
sofa,223,img/sofa/0831.jpg,model/sofa/IKEA_KIVIK_2/model.obj,1.0,0.5236964984442916,0.4229356550424061,493440,21.119659037998645,13.702378749847412,True,
sofa,224,img/sofa/0355.jpg,model/sofa/IKEA_EKTORP_3/model.obj,1.0,0.5564382670274907,0.45069603474998016,495648,21.51308569998946,13.613821506500244,True,
sofa,225,img/sofa/1116.jpg,model/sofa/IKEA_KLIPPAN_2/model.obj,1.0,0.4270289112622236,0.3904142271707118,342592,19.207198834003066,13.296257495880127,True,
sofa,226,img/sofa/0142.jpg,model/sofa/IKEA_EKTORP_1/model.obj,1.0,0.6914715735019407,0.31392929042684503,560000,24.191290703005507,13.88060188293457,True,
sofa,227,img/sofa/1751.jpg,model/sofa/IKEA_SOLSTA_d053e745b565fa391c1b3b2ed8d13bf8/model.obj,1.0,0.6384913364530441,0.6109401135392841,860864,32.21725646000414,15.570513248443604,True,
sofa,228,img/sofa/1669.jpg,model/sofa/IKEA_SOLSTA_d053e745b565fa391c1b3b2ed8d13bf8/model.obj,1.0,0.7379928357962715,0.6721226943846237,708000,26.777446206993773,14.667376041412354,True,
sofa,229,img/sofa/0845.jpg,model/sofa/IKEA_KIVIK_2/model.obj,1.0,0.4665524760373507,0.38271155196744655,388032,19.570709027990233,13.318965911865234,True,
sofa,230,img/sofa/1752.jpg,model/sofa/IKEA_SOLSTA_d053e745b565fa391c1b3b2ed8d13bf8/model.obj,1.0,0.631638963761266,0.5815448868956019,717024,28.745335361993057,14.672828674316406,True,
sofa,231,img/sofa/0814.jpg,model/sofa/IKEA_KIVIK_2/model.obj,1.0,0.5666548479479855,0.4868926387126335,460320,21.537911601000815,13.49752950668335,True,
sofa,232,img/sofa/0068.png,model/sofa/IKEA_KARLSTAD_1/model.obj,1.0,0.44038661096924153,0.42758276370453596,434336,20.036145001999103,13.376309871673584,True,
sofa,233,img/sofa/0375.jpg,model/sofa/IKEA_EKTORP_3/model.obj,1.0,0.6103738942775884,0.5173925681006752,636384,25.680541947003803,14.242439270019531,True,
sofa,234,img/sofa/1865.jpg,model/sofa/IKEA_TIDAFORS/model.obj,1.0,0.5239535718276542,0.48086446472104316,484288,21.95463044301141,13.585029602050781,True,
sofa,235,img/sofa/0318.jpg,model/sofa/IKEA_EKTORP_2/model.obj,1.0,0.5466130785421566,0.4426372595570934,407424,19.547280644997954,13.284856796264648,True,
sofa,236,img/sofa/0840.jpg,model/sofa/IKEA_KIVIK_2/model.obj,1.0,0.47883118725610474,0.4078585844819603,380800,20.069862125004875,13.284782409667969,True,
sofa,237,img/sofa/0367.jpg,model/sofa/IKEA_EKTORP_3/model.obj,1.0,0.5178332166228533,0.42382837661474143,368096,18.475956322989077,13.285158157348633,True,
sofa,238,img/sofa/0185.jpg,model/sofa/IKEA_EKTORP_2/model.obj,1.0,0.5884732322500422,0.5022761749098632,421696,21.2925535569957,13.32735824584961,True,
sofa,239,img/sofa/1092.jpg,model/sofa/IKEA_KLIPPAN_1/model.obj,1.0,0.5312938803064925,0.47148939517542343,441152,19.57793164900795,13.397407054901123,True,
sofa,240,img/sofa/1572.jpg,model/sofa/IKEA_SKOGABY/model.obj,1.0,0.475150328382074,0.43765470740460394,366400,19.702434512000764,13.286340236663818,True,
sofa,241,img/sofa/0865.jpg,model/sofa/IKEA_KLAPPSTA/model.obj,1.0,0.9421011120342757,0.9103394187285447,1286432,57.99119072800386,19.06016969680786,True,
sofa,242,img/sofa/0964.jpg,model/sofa/IKEA_KLIPPAN_1/model.obj,1.0,0.5315407857163518,0.49000686585534736,470848,19.18410495900025,13.59992265701294,True,
sofa,243,img/sofa/1498.jpg,model/sofa/IKEA_SATER/model.obj,1.0,0.4305005457852505,0.3869527658457926,350976,19.170024209000985,13.288373470306396,True,
sofa,244,img/sofa/0800.jpg,model/sofa/IKEA_KIVIK_2/model.obj,1.0,0.4388583751101418,0.36079427378502926,409440,20.555757058013114,13.288163185119629,True,
sofa,245,img/sofa/1637.jpg,model/sofa/IKEA_SOLSTA_d053e745b565fa391c1b3b2ed8d13bf8/model.obj,1.0,0.600733442226883,0.5435808100939404,531360,21.670679757007747,13.751123905181885,True,
sofa,246,img/sofa/0567.jpg,model/sofa/IKEA_KARLSTAD_3/model.obj,1.0,0.4642420166184595,0.4282368338034602,386368,19.68752007400326,13.298838138580322,True,
sofa,247,img/sofa/1710.jpg,model/sofa/IKEA_SOLSTA_d053e745b565fa391c1b3b2ed8d13bf8/model.obj,1.0,0.6690500418242511,0.5571719647888761,657088,24.57347442601167,14.347795009613037,True,
sofa,248,img/sofa/1722.jpg,model/sofa/IKEA_SOLSTA_d053e745b565fa391c1b3b2ed8d13bf8/model.obj,1.0,0.6420315426770585,0.586254566964042,508288,23.111883347999537,13.680012702941895,True,
sofa,249,img/sofa/1469.jpg,model/sofa/IKEA_SATER/model.obj,1.0,0.5521543024044937,0.4426197256808305,435392,21.363776317986776,13.387653350830078,True,
sofa,250,img/sofa/0876.jpg,model/sofa/IKEA_KLAPPSTA/model.obj,1.0,0.8904278376950128,0.8286477306700875,1207168,44.996301873004995,18.304004192352295,True,
sofa,251,img/sofa/1290.jpg,model/sofa/IKEA_LYCKSELE/model.obj,1.0,0.7431856001792716,0.5426276378460367,577920,21.134916376991896,14.04542589187622,True,
sofa,252,img/sofa/0740.jpg,model/sofa/IKEA_KIVIK_2/model.obj,1.0,0.4959570759920868,0.3994199813840731,382592,20.14965879000374,13.299477100372314,True,
sofa,253,img/sofa/0447.jpg,model/sofa/IKEA_KARLSTAD_1/model.obj,1.0,0.45184144644193125,0.43197049301866836,383552,19.46927814099763,13.28394079208374,True,
sofa,254,img/sofa/0454.jpeg,model/sofa/IKEA_KARLSTAD_1/model.obj,1.0,0.4478824394512281,0.43438513724949357,351936,19.839324512999156,13.30528211593628,True,
sofa,255,img/sofa/1946.jpg,model/sofa/IKEA_VRETA/model.obj,1.0,0.42012010033294195,0.38007013268550216,370368,18.357134416000918,13.27692985534668,True,
sofa,256,img/sofa/1351.jpg,model/sofa/IKEA_LYCKSELE/model.obj,1.0,0.771852060709091,0.5497658456926384,504992,21.915157911003917,13.63659954071045,True,
sofa,257,img/sofa/1152.jpg,model/sofa/IKEA_KLIPPAN_3/model.obj,1.0,0.45638529047911813,0.42535985198015336,432000,22.02778057899559,13.531683921813965,True,
sofa,258,img/sofa/1329.jpg,model/sofa/IKEA_LYCKSELE/model.obj,1.0,0.7435906412105565,0.5169871719073579,570112,22.426621138001792,13.331439018249512,True,
sofa,259,img/sofa/1299.jpg,model/sofa/IKEA_LYCKSELE/model.obj,1.0,0.7202015398107413,0.5179701460385057,436096,19.56431273301132,13.408141613006592,True,
sofa,260,img/sofa/1452.jpg,model/sofa/IKEA_SATER/model.obj,1.0,0.45655142718951247,0.4522278685056046,349280,19.63019888100098,13.281835079193115,True,
sofa,261,img/sofa/0287.jpg,model/sofa/IKEA_EKTORP_2/model.obj,1.0,0.5511278728443868,0.44396603108312593,430560,19.788591343996814,13.3507399559021,True,
sofa,262,img/sofa/1929.jpg,model/sofa/IKEA_TIDAFORS/model.obj,1.0,0.48898743568240804,0.44804211829871055,541504,21.353083780006273,13.803081512451172,True,
sofa,263,img/sofa/1910.jpg,model/sofa/IKEA_TIDAFORS/model.obj,1.0,0.43756717821765895,0.3974526536407905,415904,21.014885549011524,13.332796573638916,True,
sofa,264,img/sofa/0463.jpg,model/sofa/IKEA_KARLSTAD_1/model.obj,1.0,0.5088941875148232,0.46951912028710496,460032,22.374990402997355,13.288852214813232,True,
sofa,265,img/sofa/0329.jpg,model/sofa/IKEA_EKTORP_2/model.obj,1.0,0.5452612906242449,0.4516412911149021,471296,21.49299232600606,13.284191131591797,True,
sofa,266,img/sofa/1280.jpg,model/sofa/IKEA_LYCKSELE/model.obj,1.0,0.753713140576722,0.5598048112582943,573664,24.549158009001985,13.94716739654541,True,
sofa,267,img/sofa/1118.jpg,model/sofa/IKEA_KLIPPAN_2/model.obj,1.0,0.45397081600402606,0.41299771102229976,328128,19.075704532006057,13.310561180114746,True,
sofa,268,img/sofa/0498.jpg,model/sofa/IKEA_KARLSTAD_1/model.obj,1.0,0.42508200869072765,0.4144408046643246,361376,18.934450499000377,13.281280040740967,True,
sofa,269,img/sofa/0890.jpg,model/sofa/IKEA_KLAPPSTA/model.obj,1.0,0.9136269370515419,0.8012581786668836,1235808,46.69898396500503,18.563891887664795,True,
sofa,270,img/sofa/0743.jpg,model/sofa/IKEA_KIVIK_2/model.obj,1.0,0.4185456608279991,0.35405643004480775,335136,19.19929853900976,13.367681980133057,True,
sofa,271,img/sofa/1631.jpg,model/sofa/IKEA_SOLSTA_d053e745b565fa391c1b3b2ed8d13bf8/model.obj,1.0,0.6395039899775786,0.5809302265347684,708256,26.496537747996626,14.611361503601074,True,
sofa,272,img/sofa/1399.jpg,model/sofa/IKEA_MANSTAD/model.obj,1.0,0.6621050031732796,0.35048531040384545,541632,22.351722933002748,13.824416637420654,True,
sofa,273,img/sofa/0589.jpg,model/sofa/IKEA_KARLSTAD_3/model.obj,1.0,0.5045989054129705,0.46391762555210425,471712,21.39351720799459,13.543261528015137,True,
sofa,274,img/sofa/1325.jpg,model/sofa/IKEA_LYCKSELE/model.obj,1.0,0.8761300062426767,0.6132118662066782,715136,25.454597148986068,14.662630558013916,True,
sofa,275,img/sofa/0723.jpg,model/sofa/IKEA_KIVIK_1/model.obj,1.0,0.5983411355638383,0.4790060287608113,508384,22.605697635997785,13.68505573272705,True,
sofa,276,img/sofa/1439.jpg,model/sofa/IKEA_MANSTAD/model.obj,1.0,0.6050000863337434,0.3976211712184048,514720,21.352464138995856,13.69104814529419,True,
sofa,277,img/sofa/0894.jpeg,model/sofa/IKEA_KLAPPSTA/model.obj,1.0,0.9053658830781643,0.809611458715353,1284192,51.0810768980009,19.039319038391113,True,
sofa,278,img/sofa/0387.jpg,model/sofa/IKEA_EKTORP_3/model.obj,1.0,0.5893479479207385,0.4772322432869042,564928,24.377742396987742,13.991378784179688,True,
sofa,279,img/sofa/1385.jpg,model/sofa/IKEA_MANSTAD/model.obj,1.0,0.6566002369864297,0.35643756509678554,514688,21.878143216992612,13.702227592468262,True,
sofa,280,img/sofa/1662.jpg,model/sofa/IKEA_SOLSTA_d053e745b565fa391c1b3b2ed8d13bf8/model.obj,1.0,0.6792122265861678,0.5317307428086779,675136,25.179594387009274,14.45418119430542,True,
sofa,281,img/sofa/0461.jpg,model/sofa/IKEA_KARLSTAD_1/model.obj,1.0,0.46906503416048273,0.4501157434661163,412096,20.860943038002006,13.348497867584229,True,
sofa,282,img/sofa/0270.jpg,model/sofa/IKEA_EKTORP_2/model.obj,1.0,0.49425500444719894,0.43139150758352485,402592,19.45742116199108,13.294878482818604,True,
sofa,283,img/sofa/1926.jpg,model/sofa/IKEA_TIDAFORS/model.obj,1.0,0.5224622863609933,0.5183222587846051,534560,24.375667052008794,13.809351444244385,True,
sofa,284,img/sofa/1640.jpg,model/sofa/IKEA_SOLSTA_d053e745b565fa391c1b3b2ed8d13bf8/model.obj,1.0,0.6022144751804177,0.5513751752656942,506176,21.372769617999438,13.663331985473633,True,
sofa,285,img/sofa/0118.png,model/sofa/IKEA_SATER/model.obj,1.0,0.43566218651813166,0.40961376121114146,335040,18.784677147006732,13.288254261016846,True,
sofa,286,img/sofa/0445.jpg,model/sofa/IKEA_KARLSTAD_1/model.obj,1.0,0.4405417683060574,0.4270510689739128,340608,19.104202121001435,13.274566173553467,True,
sofa,287,img/sofa/0862.jpg,model/sofa/IKEA_KLAPPSTA/model.obj,1.0,0.9675460533901808,0.967156395631676,1073440,41.410842937999405,17.142602920532227,True,
sofa,288,img/sofa/0676.jpg,model/sofa/IKEA_KARLSTAD_4/model.obj,1.0,0.7011087077144306,0.292570667515465,505920,22.71954335900955,13.72579288482666,True,
sofa,289,img/sofa/1289.jpg,model/sofa/IKEA_LYCKSELE/model.obj,1.0,0.7367075848606655,0.5170295036289663,531200,21.35505156799627,13.288269996643066,True,
sofa,290,img/sofa/1488.jpg,model/sofa/IKEA_SATER/model.obj,1.0,0.4238747231331675,0.3932334161946599,386176,19.35686228099803,13.296942710876465,True,
sofa,291,img/sofa/0799.jpg,model/sofa/IKEA_KIVIK_2/model.obj,1.0,0.4895450795178591,0.4092817230622918,374336,20.40860411399626,13.275661945343018,True,
sofa,292,img/sofa/1277.jpg,model/sofa/IKEA_LYCKSELE/model.obj,1.0,0.7394607322500394,0.5201680214706598,434560,20.127751627005637,13.383907318115234,True,
sofa,293,img/sofa/0671.jpg,model/sofa/IKEA_KARLSTAD_4/model.obj,1.0,0.6255657619608634,0.3497789662152277,413184,19.891183314000955,13.283093452453613,True,
sofa,294,img/sofa/1215.jpg,model/sofa/IKEA_KLIPPAN_3/model.obj,1.0,0.4746162808121875,0.4648257488105677,355104,19.995579782000277,13.297650337219238,True,
sofa,295,img/sofa/0030.png,model/sofa/IKEA_KARLSTAD_1/model.obj,1.0,0.46264517908083747,0.4373792267849122,409920,20.52265354699921,13.286635398864746,True,
sofa,296,img/sofa/1248.jpg,model/sofa/IKEA_KLIPPAN_3/model.obj,1.0,0.5631747634761459,0.472863958532373,544288,23.124457023004652,13.827518463134766,True,
sofa,297,img/sofa/0931.jpg,model/sofa/IKEA_KLIPPAN_1/model.obj,1.0,0.4907268130478927,0.486620888964602,293888,18.720911204989534,13.313926219940186,True,
sofa,298,img/sofa/1413.jpg,model/sofa/IKEA_MANSTAD/model.obj,1.0,0.5981676234185045,0.3705600375965141,445504,20.86199955799384,13.402851104736328,True,
sofa,299,img/sofa/0982.jpg,model/sofa/IKEA_KLIPPAN_1/model.obj,1.0,0.5284359154799475,0.4630552245169794,374688,19.892152336993604,13.284238338470459,True,
sofa,300,img/sofa/1328.jpg,model/sofa/IKEA_LYCKSELE/model.obj,1.0,0.8070835769080742,0.5972849254908553,600704,24.250098491000244,14.058320999145508,True,
sofa,301,img/sofa/1673.jpg,model/sofa/IKEA_SOLSTA_d053e745b565fa391c1b3b2ed8d13bf8/model.obj,1.0,0.6258169348717836,0.5546155632091392,648448,24.621708229999058,13.565825462341309,True,
sofa,302,img/sofa/1501.jpg,model/sofa/IKEA_SATER/model.obj,1.0,0.44397685166244033,0.4420449159620851,369248,19.76428654800111,13.304951667785645,True,
sofa,303,img/sofa/0638.jpg,model/sofa/IKEA_KARLSTAD_3/model.obj,1.0,0.49017024673059384,0.48624372946766375,484608,21.026157785003306,13.281640529632568,True,
sofa,304,img/sofa/0739.jpg,model/sofa/IKEA_KIVIK_2/model.obj,1.0,0.43705436266773073,0.3541978403876695,332416,19.329468597003142,13.287119388580322,True,
sofa,305,img/sofa/1013.jpg,model/sofa/IKEA_KLIPPAN_1/model.obj,1.0,0.5215343905619165,0.5198893022052369,310560,17.91780362400459,13.287669658660889,True,
sofa,306,img/sofa/0808.jpg,model/sofa/IKEA_KIVIK_2/model.obj,1.0,0.4753020839676868,0.3726403419076196,351584,19.79728443500062,13.27173137664795,True,
sofa,307,img/sofa/0317.jpg,model/sofa/IKEA_EKTORP_2/model.obj,1.0,0.5383475111481941,0.46919205302702527,375328,19.826626141002635,13.27123212814331,True,
sofa,308,img/sofa/1729.jpg,model/sofa/IKEA_SOLSTA_d053e745b565fa391c1b3b2ed8d13bf8/model.obj,1.0,0.648028606171311,0.5876793894745194,731488,26.84965085099975,14.75287389755249,True,
sofa,309,img/sofa/1644.jpg,model/sofa/IKEA_SOLSTA_d053e745b565fa391c1b3b2ed8d13bf8/model.obj,1.0,0.6235278749666026,0.5690417759430902,627584,23.548551851999946,14.230772495269775,True,
sofa,310,img/sofa/1055.jpg,model/sofa/IKEA_KLIPPAN_1/model.obj,1.0,0.45196618165659674,0.43091894336048225,349056,17.262450334004825,13.301785469055176,True,
sofa,311,img/sofa/0313.jpg,model/sofa/IKEA_EKTORP_2/model.obj,1.0,0.6909873990815024,0.5838502850461929,687872,26.843746698999894,13.640545845031738,True,
sofa,312,img/sofa/0269.jpg,model/sofa/IKEA_EKTORP_2/model.obj,1.0,0.5580339316016423,0.4666319333256902,444576,20.700102853006683,13.43395709991455,True,
sofa,313,img/sofa/1742.jpg,model/sofa/IKEA_SOLSTA_d053e745b565fa391c1b3b2ed8d13bf8/model.obj,1.0,0.6453010954668357,0.5464730311699204,552768,23.056551004003268,13.850371837615967,True,
table,314,img/table/1620.jpg,model/table/IKEA_TORSBY_2/model.obj,1.0,0.765264943540582,0.6502173651373749,269280,19.076531358994544,13.310927867889404,True,
table,315,img/table/1684.jpg,model/table/IKEA_UTBY_1/model.obj,1.0,0.9775714916630506,0.5589664658321258,380576,18.200167057992076,13.268921852111816,True,
table,316,img/table/1779.jpg,model/table/IKEA_VITTSJO_2/model.obj,1.0,0.7730841119060738,0.40951146800166777,159712,16.83935471899167,13.291080951690674,True,
table,317,img/table/0734.jpg,model/table/IKEA_INGATORP/model.obj,1.0,0.5121997973452623,0.4779483888771288,241696,18.282214524995652,13.269602298736572,True,
table,318,img/table/0211.jpg,model/table/IKEA_BJURSTA_3/model.obj,1.0,0.9997931899967708,0.6464560994840898,411104,20.746136400004616,13.272584915161133,True,
table,319,img/table/1702.jpg,model/table/IKEA_UTBY_2/model.obj,1.0,0.6893893314083968,0.477811561821449,209280,16.9673074829916,13.286320686340332,True,
table,320,img/table/0311.jpg,model/table/IKEA_DOCKSTA/model.obj,1.0,0.9981140812402297,0.7532451819251498,357696,18.685709629993653,13.265958309173584,True,
table,321,img/table/0806.jpg,model/table/IKEA_INGO_4/model.obj,1.0,0.9694399526101544,0.6857694416103953,639328,28.581104654993396,14.270495414733887,True,
table,322,img/table/0255.jpg,model/table/IKEA_DOCKSTA/model.obj,1.0,0.9309244768313736,0.723647372018948,317920,19.202996741994866,13.306443214416504,True,
table,323,img/table/0251.jpg,model/table/IKEA_DOCKSTA/model.obj,1.0,0.9676729648852336,0.7234437628690544,321312,19.4500458699913,13.272511959075928,True,
table,324,img/table/0958.jpg,model/table/IKEA_KLINGSBO_1/model.obj,1.0,0.931333468661348,0.8693746161476095,321024,18.448702380992472,13.276883125305176,True,
table,325,img/table/1433.jpeg,model/table/IKEA_NORDEN_2/model.obj,1.0,0.5505205929091459,0.4967443892882378,259712,17.001301584008615,13.269714832305908,True,
table,326,img/table/0616.jpg,model/table/IKEA_HEMNES_1/model.obj,1.0,0.9985565361933701,0.824405397027058,764032,35.22467696500826,14.938436031341553,True,
table,327,img/table/0983.jpg,model/table/IKEA_KLUBBO_2/model.obj,1.0,0.6313615350636368,0.3173113784199785,296224,17.838598569011083,13.324300289154053,True,
table,328,img/table/0127.jpg,model/table/IKEA_BJORKUDDEN_2/model.obj,1.0,0.9991608692591961,0.9312835996528396,532224,24.5667272379942,13.273945808410645,True,
table,329,img/table/0320.jpg,model/table/IKEA_DOCKSTA/model.obj,1.0,0.9644253150530774,0.7201848109812963,329312,19.519937163000577,13.295766830444336,True,
table,330,img/table/1468.jpg,model/table/IKEA_ODDA/model.obj,1.0,0.7099934090001878,0.5432064124721513,876576,36.0347496260074,15.660962581634521,True,
table,331,img/table/1742.png,model/table/IKEA_VEJMON_3/model.obj,1.0,0.7067284027394266,0.5989799982278919,349952,19.719820124999387,13.335609912872314,True,
table,332,img/table/1177.jpg,model/table/IKEA_MALM_1/model.obj,1.0,0.6747448387128195,0.34795382252692525,315136,18.77753945600125,13.283205032348633,True,
table,333,img/table/1023.jpg,model/table/IKEA_LACK_3/model.obj,1.0,0.9834568104613406,0.6295981539415368,523296,22.772920481002075,13.73728322982788,True,
table,334,img/table/0851.png,model/table/IKEA_ISALA_2/model.obj,1.0,0.8714999671859045,0.5754643523838912,438176,20.37185860599857,13.417473793029785,True,
table,335,img/table/1171.jpg,model/table/IKEA_MALM_1/model.obj,1.0,0.6695809002359553,0.3908964585787456,446848,22.088893956999527,13.430927753448486,True,
table,336,img/table/0966.jpg,model/table/IKEA_KLINGSBO_1/model.obj,1.0,0.914935904950426,0.872920593766902,331744,18.774612655004603,13.28241777420044,True,
table,337,img/table/1032.jpg,model/table/IKEA_LACK_3/model.obj,1.0,0.950919293726878,0.8670342670307787,545792,24.275703738996526,13.275066375732422,True,
table,338,img/table/1400.jpg,model/table/IKEA_NORDEN_1/model.obj,1.0,0.9988562895861308,0.9068927409543104,697696,29.40444502500759,14.604280471801758,True,
table,339,img/table/0642.jpg,model/table/IKEA_HEMNES_3/model.obj,1.0,0.49164090336267796,0.25806382538236944,380160,18.66795692499727,13.310666561126709,True,
table,340,img/table/1128.png,model/table/IKEA_LINDVED/model.obj,1.0,0.7879425675610879,0.7508984375119973,188160,16.892059793011867,13.275227069854736,True,
table,341,img/table/1563.jpg,model/table/IKEA_TOFTERYD/model.obj,1.0,0.6603304102657656,0.24314754408543043,375392,19.465981032990385,13.262012958526611,True,
table,342,img/table/0277.jpg,model/table/IKEA_DOCKSTA/model.obj,1.0,0.9651893572289192,0.7214355926748774,320256,19.393369197001448,13.27775764465332,True,
table,343,img/table/0044.png,model/table/IKEA_LACK_2/model.obj,1.0,0.9511734739057279,0.7123516765364636,621504,23.06026456700056,14.156332969665527,True,
table,344,img/table/1565.jpg,model/table/IKEA_TOFTERYD/model.obj,1.0,0.9142697318410785,0.21678551401776897,535936,19.03143415899831,13.796995639801025,True,
table,345,img/table/0460.jpeg,model/table/IKEA_DOCKSTA/model.obj,1.0,0.998401275981586,0.7538951431245342,334400,18.07772003399441,13.298508644104004,True,
table,346,img/table/0280.jpg,model/table/IKEA_DOCKSTA/model.obj,1.0,0.997898496299041,0.7518110191414257,378816,19.141467672001454,13.285780429840088,True,
table,347,img/table/1816.jpg,model/table/IKEA_VITTSJO_2/model.obj,1.0,0.7955100512736899,0.4763967958741924,178656,17.202120745001594,13.321048259735107,True,
table,348,img/table/0885.png,model/table/IKEA_JOKKMOKK/model.obj,1.0,0.6331140616816204,0.6217497924201634,314976,19.11204784399888,13.27549695968628,True,
table,349,img/table/1693.jpg,model/table/IKEA_UTBY_1/model.obj,1.0,0.8929427621152223,0.4283323060964421,203936,17.787023297991254,13.272157192230225,True,
table,350,img/table/0647.jpg,model/table/IKEA_HEMNES_3/model.obj,1.0,0.4870400649304489,0.265433775637979,370720,19.30961083099828,13.261252403259277,True,
table,351,img/table/1266.jpg,model/table/IKEA_MUDDUS/model.obj,1.0,0.9840573402336547,0.9133291224955202,252288,17.032492054000613,13.279062271118164,True,
table,352,img/table/0979.jpg,model/table/IKEA_KLUBBO_2/model.obj,1.0,0.5327371898734381,0.26915206589733665,180768,17.82645555199997,13.260943412780762,True,
table,353,img/table/1326.jpg,model/table/IKEA_NORBO/model.obj,1.0,0.7447492428905308,0.4963861099472668,242304,17.31731146799575,13.256758213043213,True,
table,354,img/table/1079.jpg,model/table/IKEA_LACK_3/model.obj,1.0,0.8474034232043481,0.6895346327165905,302080,18.50765596400015,13.26621150970459,True,
table,355,img/table/0735.jpg,model/table/IKEA_INGATORP/model.obj,1.0,0.6402906702067269,0.5868703071347935,264000,18.03151785999944,13.279950618743896,True,
table,356,img/table/1517.jpg,model/table/IKEA_SALMI/model.obj,1.0,0.997933333880043,0.7301423720148597,287968,18.395230631009326,13.268632411956787,True,
table,357,img/table/1849.jpg,model/table/IKEA_VITTSJO_2/model.obj,1.0,0.7908090643812644,0.40760927412493203,159872,16.870333568993374,13.287582397460938,True,
table,358,img/table/1137.png,model/table/IKEA_LINDVED/model.obj,1.0,0.8446084377445686,0.8072284628147242,196320,16.822071098999004,13.262804508209229,True,
table,359,img/table/1769.jpg,model/table/IKEA_VITTSJO_2/model.obj,1.0,0.7719471167813963,0.45912548124411373,169440,16.84591092899791,13.262197971343994,True,
table,360,img/table/0038.png,model/table/IKEA_LACK_2/model.obj,1.0,0.9557031133409707,0.7266612330760754,642176,25.49592312099412,14.240795135498047,True,
table,361,img/table/1127.jpg,model/table/IKEA_LINDVED/model.obj,1.0,0.8969798822070699,0.839264513329591,198080,17.358808499993756,13.305869579315186,True,
table,362,img/table/0485.jpg,model/table/IKEA_DOCKSTA/model.obj,1.0,0.9621065402586461,0.6554055401319552,322016,20.501884039011202,13.284247875213623,True,
table,363,img/table/0653.jpg,model/table/IKEA_HEMNES_3/model.obj,1.0,0.5634148125611387,0.3358128594996162,471008,21.864384932996472,13.501726150512695,True,
table,364,img/table/1030.jpg,model/table/IKEA_LACK_3/model.obj,1.0,0.9483765762905342,0.8399659834438228,473728,24.21682848301134,13.569689273834229,True,
table,365,img/table/0602.jpg,model/table/IKEA_GRANAS/model.obj,1.0,0.9557850041104682,0.5954502984083891,396448,17.952319087009528,13.290043830871582,True,
table,366,img/table/0514.jpg,model/table/IKEA_DOCKSTA/model.obj,1.0,0.9999977513452762,0.6851137723962188,379776,20.511624589998974,13.278211116790771,True,
table,367,img/table/0727.jpg,model/table/IKEA_INGATORP/model.obj,1.0,0.5455251678947438,0.4850746407001722,251456,17.31556613900466,13.27585506439209,True,
table,368,img/table/1046.jpg,model/table/IKEA_LACK_3/model.obj,1.0,0.9569324006772469,0.7452462887186604,713344,23.83645263699873,14.627554416656494,True,
table,369,img/table/1072.png,model/table/IKEA_LACK_3/model.obj,1.0,0.9690649701741115,0.7339180568889089,437280,21.885513068002183,13.416415691375732,True,
table,370,img/table/0875.jpg,model/table/IKEA_JOKKMOKK/model.obj,1.0,0.6855544929515541,0.6427497938749819,416000,18.960505515991827,13.289422512054443,True,
table,371,img/table/1250.jpg,model/table/IKEA_MUDDUS/model.obj,1.0,0.7451591055392804,0.5569347614080234,178176,17.405186987001798,13.288512229919434,True,
table,372,img/table/0849.jpg,model/table/IKEA_ISALA_2/model.obj,1.0,0.8629613855470982,0.43276690488366254,397024,19.045588916007546,13.279842853546143,True,
table,373,img/table/1029.jpg,model/table/IKEA_LACK_3/model.obj,1.0,0.9317535404969853,0.8400501242161682,452288,22.883899578999262,13.43780517578125,True,
table,374,img/table/1690.jpg,model/table/IKEA_UTBY_1/model.obj,1.0,0.9974999269717038,0.5391364704910556,267680,17.043608409003355,13.289559364318848,True,
table,375,img/table/1652.jpg,model/table/IKEA_TORSBY_2/model.obj,1.0,0.7322640814162659,0.6509441311898435,270656,17.824600706997444,13.275098323822021,True,
table,376,img/table/0995.jpg,model/table/IKEA_KLUBBO_5/model.obj,1.0,0.9918592628284377,0.7050000462796594,831680,31.94736533499963,15.35286808013916,True,
table,377,img/table/0182.jpg,model/table/IKEA_BJORKUDDEN_3/model.obj,1.0,0.6227992720840098,0.541533993278382,355552,18.293922357988777,13.330398082733154,True,
table,378,img/table/0420.jpg,model/table/IKEA_DOCKSTA/model.obj,1.0,0.9997433157865897,0.6963596649699278,311264,17.139889864993165,13.285939693450928,True,
table,379,img/table/1481.jpg,model/table/IKEA_RAST/model.obj,1.0,0.7309267036235217,0.3916506307998611,371456,20.469934572000057,13.2717866897583,True,
table,380,img/table/1057.jpg,model/table/IKEA_LACK_3/model.obj,1.0,0.9585107726925252,0.7463113817169785,366080,19.83462124399375,13.276098728179932,True,
table,381,img/table/0146.jpg,model/table/IKEA_BJORKUDDEN_3/model.obj,1.0,0.7012352605960528,0.6349266721608136,314720,18.255747521994635,13.279272079467773,True,
table,382,img/table/0016.png,model/table/IKEA_LACK_3/model.obj,1.0,0.9263151785199898,0.7317043349597474,431616,21.78194585099118,13.273090362548828,True,
table,383,img/table/1219.jpg,model/table/IKEA_MALM_3/model.obj,1.0,0.7400407357863632,0.6356635459660642,619840,25.81839159199444,14.163312911987305,True,
table,384,img/table/0640.jpg,model/table/IKEA_HEMNES_3/model.obj,1.0,0.5248010204463402,0.2717252912105317,331648,18.30969358299626,13.30475378036499,True,
table,385,img/table/1025.jpg,model/table/IKEA_LACK_3/model.obj,1.0,0.9822628823091593,0.7248638164554734,473664,21.139406472997507,13.525643825531006,True,
table,386,img/table/0744.jpg,model/table/IKEA_INGO_1/model.obj,1.0,0.6973498706160202,0.6208249245544148,265408,17.950492914998904,13.330837726593018,True,
table,387,img/table/1524.jpg,model/table/IKEA_SALMI/model.obj,1.0,0.9974636140235503,0.6323949584812651,281152,17.31809831300052,13.285207748413086,True,
table,388,img/table/1493.jpg,model/table/IKEA_RAST/model.obj,1.0,0.7553900552452666,0.5421810426732323,480192,20.33329001799575,13.540303707122803,True,
table,389,img/table/0568.jpg,model/table/IKEA_FUSION/model.obj,1.0,0.9762127244731766,0.8522040535656991,339520,19.750210440004594,13.30178451538086,True,
table,390,img/table/0286.jpg,model/table/IKEA_DOCKSTA/model.obj,1.0,0.9677092643757357,0.7309022248558998,299520,18.678291293996153,13.272427082061768,True,
table,391,img/table/0703.jpg,model/table/IKEA_INGATORP/model.obj,1.0,0.5512530550646418,0.49001586535683633,210688,17.64394288000767,13.271963119506836,True,
table,392,img/table/1866.jpg,model/table/IKEA_VITTSJO_2/model.obj,1.0,0.7967895409058892,0.46855483239911405,184960,16.872299573995406,13.270169258117676,True,
table,393,img/table/0115.jpg,model/table/IKEA_BJORKUDDEN_1/model.obj,1.0,0.7742777812872959,0.6728222750682225,318816,17.683668863988714,13.2655611038208,True,
bed,394,img/bed/0760.jpg,model/bed/IKEA_MALM_2/model.obj,1.0,0.8025043906003413,0.3832679665356469,384320,19.585722632997204,13.288870334625244,True,
bed,395,img/bed/0246.jpg,model/bed/IKEA_FJELLSE_1/model.obj,1.0,0.9857628872977872,0.433769460417086,465760,19.87033135499223,13.49106502532959,True,
bed,396,img/bed/0851.jpg,model/bed/IKEA_MANDAL_1/model.obj,1.0,0.9847661199270913,0.249665052308071,900704,36.32748951400572,15.834140300750732,True,
bed,397,img/bed/0212.jpg,model/bed/IKEA_FJELLSE_1/model.obj,1.0,0.9079208110370278,0.46659878018518747,474240,22.046079663996352,13.571346282958984,True,
bed,398,img/bed/0059.jpg,model/bed/IKEA_BEDDINGE/model.obj,1.0,0.5419946919374892,0.34823104461614174,402112,19.507547672008513,13.302899837493896,True,
bed,399,img/bed/0612.jpg,model/bed/IKEA_LEIRVIK/model.obj,1.0,0.7554412883278027,0.6468173816351084,481664,20.992180704997736,13.54497241973877,True,
bed,400,img/bed/0750.png,model/bed/IKEA_MALM_1/model.obj,1.0,0.7293917167377775,0.44136780629481887,368480,19.607959091998055,13.29280948638916,True,
bed,401,img/bed/0057.jpg,model/bed/IKEA_BEDDINGE/model.obj,1.0,0.6215383329041133,0.40428280555604107,367392,19.304307087004418,13.276090621948242,True,
bed,402,img/bed/0741.jpg,model/bed/IKEA_MALM_1/model.obj,1.0,0.5915618715961561,0.42350728550597827,396672,19.95250243799819,13.280011177062988,True,
bed,403,img/bed/0368.jpg,model/bed/IKEA_HEMNES_2/model.obj,1.0,0.9954535137269532,0.6090347129767776,731680,29.115397643996403,14.757800102233887,True,
bed,404,img/bed/0460.jpg,model/bed/IKEA_HEMNES_3/model.obj,1.0,0.5271114146872473,0.5170080102905871,489216,21.822730649000732,13.327468395233154,True,
bed,405,img/bed/0159.jpg,model/bed/IKEA_BRIMNES_1/model.obj,1.0,0.8731633870636466,0.5723632567457738,922400,35.41914538398851,15.993872165679932,True,
bed,406,img/bed/0730.png,model/bed/IKEA_LILLESAND/model.obj,1.0,0.8357254715949907,0.6047073410386071,468352,20.653725209005643,13.550153255462646,True,
bed,407,img/bed/0816.jpg,model/bed/IKEA_MALM_3/model.obj,1.0,0.973566453087366,0.4016728950980988,709824,25.22242873698997,14.634507656097412,True,
bed,408,img/bed/0257.jpg,model/bed/IKEA_FJELLSE_2/model.obj,1.0,0.584095245741487,0.47014070159442983,130912,16.851785795995966,13.33106803894043,True,
bed,409,img/bed/0430.jpg,model/bed/IKEA_HEMNES_3/model.obj,1.0,0.5314719743190036,0.526259237084824,540160,22.382411665006657,13.281193733215332,True,
bed,410,img/bed/0268.jpg,model/bed/IKEA_FJELLSE_2/model.obj,1.0,0.5923673554651596,0.5081596441037792,353088,19.827655189001234,13.338399887084961,True,
bed,411,img/bed/0294.jpg,model/bed/IKEA_FJELLSE_2/model.obj,1.0,0.7650804781943701,0.624379869967952,471808,20.697260343004018,13.282400131225586,True,
bed,412,img/bed/0823.jpg,model/bed/IKEA_MALM_4/model.obj,1.0,0.9818463971697792,0.3914346659323997,573984,25.17670554999495,13.95342206954956,True,
bed,413,img/bed/0039.png,model/bed/IKEA_MALM_3/model.obj,1.0,0.8333612030444896,0.4203136208054236,589152,24.242796708000242,14.043298721313477,True,
bed,414,img/bed/0298.jpg,model/bed/IKEA_FJELLSE_2/model.obj,1.0,0.7019793573382027,0.5653150361858102,194400,17.830377948994283,13.309414386749268,True,
bed,415,img/bed/0688.jpg,model/bed/IKEA_LILLESAND/model.obj,1.0,0.7514239878004865,0.6416096377366401,359744,19.52698140400753,13.257651329040527,True,
bed,416,img/bed/0822.jpg,model/bed/IKEA_MALM_4/model.obj,1.0,0.7612077291858831,0.402582170889864,358624,19.350061650999123,13.279335021972656,True,
bed,417,img/bed/0454.jpg,model/bed/IKEA_HEMNES_3/model.obj,1.0,0.6726917079625014,0.586505916155982,808256,28.281803707999643,15.210831642150879,True,
bed,418,img/bed/0491.jpg,model/bed/IKEA_LEIRVIK/model.obj,1.0,0.8492137261230659,0.703409771360186,517728,24.013874798009056,13.737998008728027,True,
bed,419,img/bed/0262.jpg,model/bed/IKEA_FJELLSE_2/model.obj,1.0,0.6092830746657142,0.5056667107453188,365600,20.242285911997897,13.308537006378174,True,
bed,420,img/bed/0173.jpg,model/bed/IKEA_BRIMNES_1/model.obj,1.0,0.7326782404220886,0.49107780526355116,773888,31.529971817988553,13.911320209503174,True,
bed,421,img/bed/0782.jpg,model/bed/IKEA_MALM_2/model.obj,1.0,0.7690860651587266,0.405349257144449,704608,29.406525239988696,14.642887592315674,True,
bed,422,img/bed/0056.jpg,model/bed/IKEA_BEDDINGE/model.obj,1.0,0.596930951164582,0.3758074059068577,393088,19.317113880999386,13.312676906585693,True,
bed,423,img/bed/0901.jpg,model/bed/IKEA_NORDLI/model.obj,1.0,0.8066452843199001,0.4450724134221221,816992,35.937355130008655,15.271303176879883,True,
bed,424,img/bed/0395.jpg,model/bed/IKEA_HEMNES_2/model.obj,1.0,0.7732661702751275,0.6073945073981586,330176,19.79956848800066,13.329241275787354,True,
bed,425,img/bed/0347.jpg,model/bed/IKEA_HEMNES_2/model.obj,1.0,0.9211697786621502,0.619048569666828,630464,26.443602144994657,14.200651168823242,True,
bed,426,img/bed/0887.jpg,model/bed/IKEA_NORDLI/model.obj,1.0,0.7503128484554568,0.4473457818507227,388864,19.78118260599149,13.307758331298828,True,
bed,427,img/bed/0723.jpg,model/bed/IKEA_LILLESAND/model.obj,1.0,0.8193955841094315,0.6384117298738649,637952,24.86214825899515,13.503992557525635,True,
bed,428,img/bed/0606.jpg,model/bed/IKEA_LEIRVIK/model.obj,1.0,0.9935851127493772,0.7508398006288662,633056,25.038718919007806,14.254069805145264,True,
bed,429,img/bed/0409.jpg,model/bed/IKEA_HEMNES_3/model.obj,1.0,0.5445204609985477,0.4898630777664584,606464,22.435978970999713,13.452905178070068,True,
bed,430,img/bed/0397.jpg,model/bed/IKEA_HEMNES_3/model.obj,1.0,0.5442289098930481,0.5125068275171494,674464,25.840883715005475,14.458066940307617,True,
bed,431,img/bed/0038.png,model/bed/IKEA_MALM_4/model.obj,1.0,0.9754736965723478,0.36198064769672555,321344,18.310063041994,13.31254529953003,True,
desk,432,img/desk/0536.jpg,model/desk/IKEA_MICKE_2/model.obj,1.0,0.8904156390999259,0.3944669336778968,563616,22.24697924099746,13.89921522140503,True,
desk,433,img/desk/0174.jpg,model/desk/IKEA_GALANT_2/model.obj,1.0,0.555588401174308,0.5013539111644328,202272,16.94595756199851,13.311441898345947,True,
desk,434,img/desk/0316.jpg,model/desk/IKEA_LEKSVIK/model.obj,1.0,0.6003120188943807,0.5180737760696813,306080,17.158901749993674,13.274825096130371,True,
desk,435,img/desk/0265.jpg,model/desk/IKEA_LAIVA/model.obj,1.0,0.9173014582646147,0.8743478194154474,541920,21.42151538300095,13.804465770721436,True,
desk,436,img/desk/0229.jpg,model/desk/IKEA_HEMNES/model.obj,1.0,0.6635445972828148,0.6315731612786005,438336,19.790037263010163,13.411892890930176,True,
desk,437,img/desk/0074.jpg,model/desk/IKEA_BESTA_2/model.obj,1.0,0.41532015853784576,0.2759767836515999,138560,18.182052959004068,13.314616680145264,True,
desk,438,img/desk/0629.jpg,model/desk/IKEA_VITTSJO/model.obj,1.0,0.9158851682420512,0.4681857033705124,189216,17.596457989988266,13.273686408996582,True,
desk,439,img/desk/0280.jpg,model/desk/IKEA_LAIVA/model.obj,1.0,0.9504904066508215,0.7910855403983386,962272,36.60814770699653,16.247700214385986,True,
desk,440,img/desk/0518.jpg,model/desk/IKEA_MICKE_1/model.obj,1.0,0.6160021077031316,0.36918205240590546,285568,17.884946021003998,13.338727951049805,True,
desk,441,img/desk/0417.jpg,model/desk/IKEA_MALM/model.obj,1.0,0.5777224793682517,0.5097485424902019,486912,21.634581617006916,13.273820400238037,True,
desk,442,img/desk/0548.jpg,model/desk/IKEA_MICKE_2/model.obj,1.0,0.9169675465164903,0.5445949020256458,645952,22.43525121199491,14.302489757537842,True,
desk,443,img/desk/0432.jpg,model/desk/IKEA_MALM/model.obj,1.0,0.5870175733054928,0.4095911905268806,394272,20.416790898001636,13.315585136413574,True,
desk,444,img/desk/0266.jpg,model/desk/IKEA_LAIVA/model.obj,1.0,0.9577232990097281,0.7582735297882147,625056,25.836352379992604,14.182355403900146,True,
desk,445,img/desk/0034.jpg,model/desk/IKEA_BESTA_2/model.obj,1.0,0.7244189694095645,0.5614876565581919,308768,19.215522714992403,13.304401874542236,True,
desk,446,img/desk/0123.jpg,model/desk/IKEA_FREDRIK/model.obj,1.0,0.6956395492862444,0.5896028216952384,218176,17.022951532999286,13.27078914642334,True,
desk,447,img/desk/0218.jpg,model/desk/IKEA_HEMNES/model.obj,1.0,0.6072305301872324,0.5967982539627815,402240,21.104519858999993,13.258529663085938,True,
desk,448,img/desk/0166.jpg,model/desk/IKEA_GALANT_1/model.obj,1.0,0.5111162840367461,0.44737983502835965,197600,17.69183566700667,13.29186487197876,True,
desk,449,img/desk/0468.jpeg,model/desk/IKEA_MALM/model.obj,1.0,0.7690471316529426,0.7510353874754659,483616,22.005149620003067,13.536839485168457,True,
desk,450,img/desk/0222.jpg,model/desk/IKEA_HEMNES/model.obj,1.0,0.4973303606809181,0.43681972468669145,392192,19.76371729199309,13.290360927581787,True,
desk,451,img/desk/0043.jpg,model/desk/IKEA_BESTA_2/model.obj,1.0,0.4202168391380795,0.2560467418486002,138816,16.78675323900825,13.282889366149902,True,
desk,452,img/desk/0115.jpg,model/desk/IKEA_EXPEDIT_1/model.obj,1.0,0.7837726801462825,0.33614386769461835,519680,22.646896379999816,13.260201454162598,True,
desk,453,img/desk/0481.jpg,model/desk/IKEA_MICKE_1/model.obj,1.0,0.6862940390308444,0.45618966929090293,298912,17.428187587007415,13.336121559143066,True,
desk,454,img/desk/0346.jpg,model/desk/IKEA_LIATORP/model.obj,1.0,0.6283398738275439,0.533038721645708,658208,26.629730705011752,14.387597560882568,True,
desk,455,img/desk/0276.jpg,model/desk/IKEA_LAIVA/model.obj,1.0,0.8571186956756532,0.8146398471986307,558240,22.77458580599341,13.895396709442139,True,
desk,456,img/desk/0592.jpg,model/desk/IKEA_MICKE_2/model.obj,1.0,0.8321999146520173,0.38414407875803863,476416,21.395733033001306,13.299140930175781,True,
desk,457,img/desk/0646.jpg,model/desk/IKEA_VITTSJO/model.obj,1.0,0.7896912333037732,0.46123443079082416,177280,16.864201796997804,13.311616897583008,True,
desk,458,img/desk/0256.jpg,model/desk/IKEA_LAIVA/model.obj,1.0,0.9327148206089956,0.7237516717025113,721856,28.702072304004105,14.671914100646973,True,
desk,459,img/desk/0347.jpg,model/desk/IKEA_LIATORP/model.obj,1.0,0.5290896140082104,0.475250317703162,570752,24.347088631999213,14.003819942474365,True,
desk,460,img/desk/0488.jpg,model/desk/IKEA_MICKE_1/model.obj,1.0,0.5246750658979149,0.3624879678229139,245184,16.903423417010345,13.301494121551514,True,
desk,461,img/desk/0419.jpg,model/desk/IKEA_MALM/model.obj,1.0,0.5693772074817506,0.4088515823328076,399680,19.850283480001963,13.264052867889404,True,
bookcase,462,img/bookcase/0036.jpg,model/bookcase/IKEA_BILLY_3/model.obj,1.0,0.4261574071866542,0.2770555890038446,350592,17.651573074996122,13.276666641235352,True,
bookcase,463,img/bookcase/0145.jpg,model/bookcase/IKEA_EXPEDIT_3/model.obj,1.0,0.9670609963936314,0.14075190693394096,379520,19.009082827004022,13.279592990875244,True,
bookcase,464,img/bookcase/0223.jpg,model/bookcase/IKEA_KILBY_1/model.obj,1.0,0.35544722383544375,0.17792616979865478,253184,17.981199298999854,13.300455570220947,True,
bookcase,465,img/bookcase/0068.jpg,model/bookcase/IKEA_EXPEDIT_1/model.obj,1.0,0.9252085207412233,0.10883901609624445,346880,18.21975857100915,13.271050453186035,True,
bookcase,466,img/bookcase/0098.jpg,model/bookcase/IKEA_EXPEDIT_2/model.obj,1.0,0.9683641164794039,0.323534138581758,861504,31.625439294002717,15.552684783935547,True,
bookcase,467,img/bookcase/0016.jpg,model/bookcase/IKEA_BILLY_1/model.obj,1.0,0.4137790234272177,0.13971700113516786,257024,17.66316838300554,13.327987670898438,True,
bookcase,468,img/bookcase/0267.jpg,model/bookcase/IKEA_LACK_3/model.obj,1.0,0.21003008728275593,0.1403871004166903,110592,16.817791547000525,13.26048755645752,True,
bookcase,469,img/bookcase/0169.jpg,model/bookcase/IKEA_HEMNES/model.obj,1.0,0.5025214833858138,0.17748146758031663,306432,18.08058665500721,13.253593444824219,True,
bookcase,470,img/bookcase/0001.jpg,model/bookcase/IKEA_BESTA/model.obj,1.0,0.4575223403850294,0.33042149570043605,439296,20.42134519199317,13.271450996398926,True,
bookcase,471,img/bookcase/0201.jpg,model/bookcase/IKEA_HEMNES/model.obj,1.0,0.510408971382428,0.18422545580938507,303648,17.88569226799882,13.281409740447998,True,
bookcase,472,img/bookcase/0306.jpg,model/bookcase/IKEA_LAIVA/model.obj,1.0,0.3701884662873578,0.1433980831611877,131584,16.6714202400035,13.270845413208008,True,
bookcase,473,img/bookcase/0206.jpg,model/bookcase/IKEA_HEMNES/model.obj,1.0,0.4761695958647037,0.24463421482617972,366336,18.431773930002237,13.259011268615723,True,
bookcase,474,img/bookcase/0260.jpg,model/bookcase/IKEA_LACK_3/model.obj,1.0,0.20478911232638658,0.1581544732958643,102528,17.53509913099697,13.277087688446045,True,
bookcase,475,img/bookcase/0273.jpg,model/bookcase/IKEA_LACK_3/model.obj,1.0,0.21409411702186626,0.20176651460883016,105504,17.114668943992,13.291036128997803,True,
bookcase,476,img/bookcase/0283.jpg,model/bookcase/IKEA_LACK_3/model.obj,1.0,0.20967323717283154,0.14392963198391875,108672,16.697420800992404,13.256908893585205,True,
bookcase,477,img/bookcase/0282.jpg,model/bookcase/IKEA_LACK_3/model.obj,1.0,0.20619172601724334,0.14524946244968184,107904,16.726127850008197,13.253413200378418,True,
wardrobe,478,img/wardrobe/0229.jpg,model/wardrobe/IKEA_ODDA_1/model.obj,1.0,0.30304538964459576,0.2978469738602336,326432,18.085573740987456,13.248474597930908,True,
wardrobe,479,img/wardrobe/0060.jpg,model/wardrobe/IKEA_ANEBODA_1/model.obj,1.0,0.4509308676632868,0.2666556332328746,417216,21.332895820989506,13.302279949188232,True,
wardrobe,480,img/wardrobe/0123.jpg,model/wardrobe/IKEA_DOMBAS/model.obj,1.0,0.7632943298839877,0.26185221853407514,680544,26.83635767099622,14.471914768218994,True,
wardrobe,481,img/wardrobe/0143.jpg,model/wardrobe/IKEA_DOMBAS/model.obj,1.0,0.7990863904895771,0.26394826142428807,693344,24.851514124995447,14.57122802734375,True,
wardrobe,482,img/wardrobe/0022.jpg,model/wardrobe/IKEA_ANEBODA_1/model.obj,1.0,0.4672658822953049,0.31226701670788654,440640,19.84664736200648,13.422987937927246,True,
wardrobe,483,img/wardrobe/0228.jpg,model/wardrobe/IKEA_ODDA_1/model.obj,1.0,0.333197800740598,0.17715480865326932,263936,18.05880920900381,13.285223484039307,True,
wardrobe,484,img/wardrobe/0111.jpg,model/wardrobe/IKEA_DOMBAS/model.obj,1.0,0.7566386330223345,0.36034837774888284,763776,33.861985733994516,14.928714275360107,True,
wardrobe,485,img/wardrobe/0211.jpg,model/wardrobe/IKEA_HEMNES/model.obj,1.0,0.8245936149051203,0.2876093681487721,659552,26.049400555013563,14.396797180175781,True,
wardrobe,486,img/wardrobe/0105.jpg,model/wardrobe/IKEA_ANEBODA_2/model.obj,1.0,0.4519420858442606,0.3437715358511138,459072,21.329742556001293,13.48941946029663,True,
wardrobe,487,img/wardrobe/0227.jpg,model/wardrobe/IKEA_HEMNES/model.obj,1.0,0.729675715964335,0.273764739043475,616448,25.462774833998992,13.451422214508057,True,
wardrobe,488,img/wardrobe/0038.jpg,model/wardrobe/IKEA_ANEBODA_1/model.obj,1.0,0.45270234202758347,0.2775298871856875,435424,21.173970750998706,13.411339282989502,True,
wardrobe,489,img/wardrobe/0242.jpg,model/wardrobe/IKEA_ANEBODA_1/model.obj,1.0,0.4547374198011315,0.3181672178394283,441184,20.31889422799577,13.400452136993408,True,
wardrobe,490,img/wardrobe/0101.jpg,model/wardrobe/IKEA_ANEBODA_2/model.obj,1.0,0.4542742343808488,0.2632623467335868,421184,21.52292044898786,13.329597473144531,True,
misc,491,img/misc/0035.jpg,model/misc/SS_06/model.obj,1.0,0.7000995311851655,0.10062489812282947,140448,18.019946105006966,13.423963069915771,True,
misc,492,img/misc/0022.jpg,model/misc/SS_04/model.obj,1.0,0.9704794255279419,0.32827359831437797,360480,19.44089496000379,13.39241075515747,True,
misc,493,img/misc/0046.jpg,model/misc/SS_09/model.obj,1.0,0.8297591184414477,0.7894904422755231,391104,20.85823829600122,13.415971755981445,True,
misc,494,img/misc/0029.jpg,model/misc/SS_05/model.obj,1.0,0.3346106794266317,0.32562664404926306,106304,17.764068482996663,13.418637752532959,True,
misc,495,img/misc/0023.jpg,model/misc/SS_04/model.obj,1.0,0.8517919464162937,0.36040863570667814,302560,19.661797593988013,13.38857650756836,True,
tool,496,img/tool/0027.jpg,model/tool/SS_6/model.obj,1.0,0.23223697524641423,0.19381357821744516,81888,17.74714405099803,13.413854122161865,True,
tool,497,img/tool/0046.jpg,model/tool/SS_8/model.obj,1.0,0.6187431766797364,0.19100001092689167,121920,17.79458228200383,13.386184215545654,True,
tool,498,img/tool/0020.jpg,model/tool/SS_3/model.obj,1.0,0.23364968376254905,0.09932537193793481,52480,19.286052051000297,13.39142894744873,True,
tool,499,img/tool/0037.jpg,model/tool/SS_6/model.obj,1.0,0.19259915679294937,0.101468018495554,55232,17.900550535006914,13.383574485778809,True,
