sample_id,category,img_path,mask_path,model_path,dim_small,dim_mid,dim_large,latency_seconds,vram_peak_mb,success,error
0,chair,img/chair/3194.jpg,mask/chair/3194.png,model/chair/IKEA_SIGURD/model.obj,0.61159907658605,0.76921047140727,1.0,6.522,17534.1,True,
1,chair,img/chair/0533.jpg,mask/chair/0533.png,model/chair/SS_069/model.obj,0.5820071133187635,0.6526714758994695,1.0,7.917,17793.1,True,
2,chair,img/chair/0171.jpg,mask/chair/0171.png,model/chair/SS_008/model.obj,0.6349092284937452,0.6368052856017886,1.0,8.179,17961.3,True,
3,chair,img/chair/3815.jpg,mask/chair/3815.png,model/chair/IKEA_VILMAR_2/model.obj,0.5048980369407052,0.6624521170707681,1.0,6.517,17409.5,True,
4,chair,img/chair/1257.jpg,mask/chair/1257.png,model/chair/SS_149/model.obj,0.6023775096715351,0.9333689006547947,1.0,7.697,17587.9,True,
5,chair,img/chair/1130.jpg,mask/chair/1130.png,model/chair/SS_137/model.obj,0.5924491792109468,0.7032166053719838,1.0,7.749,17641.8,True,
6,chair,img/chair/1037.jpg,mask/chair/1037.png,model/chair/SS_126/model.obj,0.5298874141911054,0.682836859261039,1.0,7.884,17766.4,True,
7,chair,img/chair/0658.jpg,mask/chair/0658.png,model/chair/SS_086/model.obj,0.6920693155094932,0.7318600726012698,1.0,8.046,17763.6,True,
8,chair,img/chair/3793.jpg,mask/chair/3793.png,model/chair/IKEA_VILMAR_2/model.obj,0.6483810260438176,0.755209642840329,1.0,6.603,17377.8,True,
9,chair,img/chair/0493.jpg,mask/chair/0493.png,model/chair/SS_061/model.obj,0.6217626955469133,0.6437883776077329,1.0,9.744,18241.0,True,
10,chair,img/chair/3393.jpg,mask/chair/3393.png,model/chair/IKEA_STEFAN/model.obj,0.4604018576105184,0.6393252772469007,1.0,6.368,17497.4,True,
11,chair,img/chair/3811.jpg,mask/chair/3811.png,model/chair/IKEA_VILMAR_2/model.obj,0.5303078067814037,0.6658739672354989,1.0,6.54,17340.6,True,
12,chair,img/chair/2685.jpg,mask/chair/2685.png,model/chair/IKEA_MARKUS/model_-0.115145579663_-0.050547346245.obj,0.5200774688412788,0.590810820830249,1.0,6.535,17486.9,True,
13,chair,img/chair/0430.jpg,mask/chair/0430.png,model/chair/SS_046/model.obj,0.5283504088134174,0.648761481948479,1.0,7.989,17912.0,True,
14,chair,img/chair/2929.jpg,mask/chair/2929.png,model/chair/IKEA_POANG_2/model.obj,0.6279098295989061,0.716650686053869,1.0,7.3,17848.5,True,
15,chair,img/chair/2009.jpg,mask/chair/2009.png,model/chair/IKEA_INGOLF/model.obj,0.5154179586527953,0.5460173121127287,1.0,6.573,17451.0,True,
16,chair,img/chair/0199.jpg,mask/chair/0199.png,model/chair/SS_011/model.obj,0.5825289755444367,0.7149883644857882,1.0,7.627,17583.5,True,
17,chair,img/chair/0191.jpg,mask/chair/0191.png,model/chair/SS_010/model.obj,0.5129985157826316,0.7086949763750686,1.0,7.861,17612.4,True,
18,chair,img/chair/0457.jpg,mask/chair/0457.png,model/chair/SS_054/model.obj,0.5134794171911978,0.6081707339125846,1.0,7.996,17871.4,True,
19,chair,img/chair/1017.jpg,mask/chair/1017.png,model/chair/SS_124/model.obj,0.5418853882020813,0.6685693467997769,1.0,8.276,17884.7,True,
20,chair,img/chair/1077.jpg,mask/chair/1077.png,model/chair/SS_130/model.obj,0.4211323002833669,0.5707500757886442,1.0,7.856,17596.4,True,
21,chair,img/chair/2483.jpg,mask/chair/2483.png,model/chair/IKEA_KLAPPSTA_2/model.obj,0.7822003782247997,0.9116631034040885,1.0,9.242,18150.6,True,
22,chair,img/chair/2992.jpg,mask/chair/2992.png,model/chair/IKEA_POANG_2/model.obj,0.5986165779838836,0.722194080785774,1.0,7.201,17812.3,True,
23,chair,img/chair/0177.jpg,mask/chair/0177.png,model/chair/SS_008/model.obj,0.5937663703752658,0.5975420131290311,1.0,7.891,17820.2,True,
24,chair,img/chair/2763.jpg,mask/chair/2763.png,model/chair/IKEA_PATRIK/model_0.218465510842_-0.0787120753573.obj,0.7329003177190141,0.7456586214621768,1.0,7.72,17948.5,True,
25,chair,img/chair/0927.jpg,mask/chair/0927.png,model/chair/SS_112/model.obj,0.709379649868626,0.91748219228486,1.0,7.729,17738.0,True,
26,chair,img/chair/3682.jpg,mask/chair/3682.png,model/chair/IKEA_URBAN/model.obj,0.6251376774396712,0.6779155697520717,1.0,6.676,17444.5,True,
27,chair,img/chair/3252.jpg,mask/chair/3252.png,model/chair/IKEA_SNILLE_1/model_0.885091505154_-0.0157731206494.obj,0.6332571144134682,0.6476806587063468,1.0,6.388,17482.1,True,
28,chair,img/chair/3562.jpg,mask/chair/3562.png,model/chair/IKEA_TOBIAS/model.obj,0.5336723032498859,0.7822136666762425,1.0,6.786,17453.2,True,
29,chair,img/chair/2682.jpg,mask/chair/2682.png,model/chair/IKEA_MARKUS/model_-0.656766089778_-0.0322199574009.obj,0.4486360049099752,0.4636655244609432,1.0,6.647,17508.2,True,
30,chair,img/chair/1994.jpg,mask/chair/1994.png,model/chair/IKEA_INGOLF/model.obj,0.4547615693864795,0.6178492562022715,1.0,6.619,17508.1,True,
31,chair,img/chair/1024.jpg,mask/chair/1024.png,model/chair/SS_126/model.obj,0.49631414841656146,0.6652956232754573,1.0,7.763,17674.1,True,
32,chair,img/chair/2195.jpg,mask/chair/2195.png,model/chair/IKEA_JOKKMOKK/model.obj,0.6651911323013724,0.7397137113321506,1.0,6.636,17454.1,True,
33,chair,img/chair/2920.jpg,mask/chair/2920.png,model/chair/IKEA_POANG_2/model.obj,0.6811950234214502,0.8175954498431278,1.0,7.702,17937.9,True,
34,chair,img/chair/1272.jpg,mask/chair/1272.png,model/chair/SS_151/model.obj,0.4965189735367274,0.6337782765675118,1.0,7.668,17635.4,True,
35,chair,img/chair/0053.png,mask/chair/0053.png,model/chair/IKEA_POANG_1/model.obj,0.6050907859416533,0.9634910738933411,1.0,7.336,17864.3,True,
36,chair,img/chair/0745.jpg,mask/chair/0745.png,model/chair/SS_092/model.obj,0.3681112819857245,0.5329722533673455,1.0,7.944,17617.1,True,
37,chair,img/chair/3540.jpg,mask/chair/3540.png,model/chair/IKEA_TOBIAS/model.obj,0.6024818011238036,0.6755114029309233,1.0,6.583,17467.9,True,
38,chair,img/chair/2014.jpg,mask/chair/2014.png,model/chair/IKEA_INGOLF/model.obj,0.5975820592364373,0.668657416196997,1.0,6.76,17512.8,True,
39,chair,img/chair/1534.jpg,mask/chair/1534.png,model/chair/SS_186/model.obj,0.488257050539478,0.5126966475511283,1.0,8.132,17833.0,True,
40,chair,img/chair/1271.jpg,mask/chair/1271.png,model/chair/SS_151/model.obj,0.5273201861491719,0.6293884356091612,1.0,7.463,17643.2,True,
41,chair,img/chair/0726.jpg,mask/chair/0726.png,model/chair/SS_091/model.obj,0.5909419929459119,0.6911342495087828,1.0,7.954,17723.1,True,
42,chair,img/chair/1000.jpg,mask/chair/1000.png,model/chair/SS_123/model.obj,0.5182685046957106,0.7030373072397523,1.0,7.758,17622.8,True,
43,chair,img/chair/1518.jpg,mask/chair/1518.png,model/chair/SS_184/model.obj,0.5210797895136623,0.7239751864558696,1.0,7.891,17709.0,True,
44,chair,img/chair/0492.jpg,mask/chair/0492.png,model/chair/SS_061/model.obj,0.608596960883216,0.6723766073963943,1.0,8.804,18013.9,True,
45,chair,img/chair/0453.jpg,mask/chair/0453.png,model/chair/SS_053/model.obj,0.5345562672974843,0.6011489804687926,1.0,7.77,17723.2,True,
46,chair,img/chair/1772.jpg,mask/chair/1772.png,model/chair/IKEA_EKENAS/model.obj,0.7482662800564354,0.8936340141262309,1.0,6.814,17604.8,True,
47,chair,img/chair/0470.jpg,mask/chair/0470.png,model/chair/SS_056/model.obj,0.599410134521647,0.6234090472747054,1.0,8.082,17891.2,True,
48,chair,img/chair/1637.jpg,mask/chair/1637.png,model/chair/IKEA_BORJE/model.obj,0.3624891035578219,0.47930109674966986,1.0,6.549,17363.8,True,
49,chair,img/chair/1549.jpg,mask/chair/1549.png,model/chair/IKEA_BERNHARD/model.obj,0.6373036199768228,0.6508803912437555,1.0,6.488,17559.9,True,
50,chair,img/chair/3003.jpg,mask/chair/3003.png,model/chair/IKEA_POANG_2/model.obj,0.6711661100109438,0.7422704496256359,1.0,6.962,17830.0,True,
51,chair,img/chair/1210.jpg,mask/chair/1210.png,model/chair/SS_143/model.obj,0.6364596983432863,0.7726708805335024,1.0,8.359,17967.2,True,
52,chair,img/chair/0248.jpg,mask/chair/0248.png,model/chair/SS_017/model.obj,0.5114322789291296,0.675323411030234,1.0,7.886,17558.8,True,
53,chair,img/chair/3756.jpg,mask/chair/3756.png,model/chair/IKEA_VILMAR_2/model.obj,0.4911121184539614,0.6730496241688032,1.0,6.531,17373.1,True,
54,chair,img/chair/2253.jpg,mask/chair/2253.png,model/chair/IKEA_JULES_1/model_-0.36883592487_0.00134479885297.obj,0.5306662566665168,0.5643569936388809,1.0,6.584,17393.9,True,
55,chair,img/chair/2638.jpg,mask/chair/2638.png,model/chair/IKEA_MARKUS/model_-0.444581584272_-0.0497236805635.obj,0.43691023478252283,0.4627163557792975,1.0,6.81,17459.0,True,
56,chair,img/chair/0592.jpg,mask/chair/0592.png,model/chair/SS_076/model.obj,0.5096391787163117,0.7534836238696647,1.0,7.862,17711.6,True,
57,chair,img/chair/1764.jpg,mask/chair/1764.png,model/chair/IKEA_EKENAS/model.obj,0.7841629369742028,0.8694846492057423,1.0,8.262,17995.5,True,
58,chair,img/chair/0395.jpg,mask/chair/0395.png,model/chair/SS_039/model.obj,0.5409183735481964,0.6663636112831751,1.0,7.701,17687.1,True,
59,chair,img/chair/2718.jpg,mask/chair/2718.png,model/chair/IKEA_NILS/model.obj,0.7191530268955709,0.8204400267166333,1.0,7.057,17675.2,True,
60,chair,img/chair/1335.jpg,mask/chair/1335.png,model/chair/SS_159/model.obj,0.6858491867927491,0.7829514073152479,1.0,9.537,18191.5,True,
61,chair,img/chair/3136.jpg,mask/chair/3136.png,model/chair/IKEA_REIDAR/model.obj,0.49482579175187325,0.6717621300802509,1.0,6.374,17403.7,True,
62,chair,img/chair/3081.jpg,mask/chair/3081.png,model/chair/IKEA_PREBEN/model.obj,0.467953987301891,0.6457194272781819,1.0,6.6,17499.1,True,
63,chair,img/chair/1658.jpg,mask/chair/1658.png,model/chair/IKEA_BORJE/model.obj,0.5613016755312923,0.6293965190543581,1.0,6.663,17433.8,True,
64,chair,img/chair/2854.jpg,mask/chair/2854.png,model/chair/IKEA_POANG_2/model.obj,0.6154780842575552,0.7188695025925377,1.0,6.987,17845.7,True,
65,chair,img/chair/0896.jpg,mask/chair/0896.png,model/chair/SS_109/model.obj,0.4668461133571956,0.5467693305752165,1.0,7.847,17626.6,True,
66,chair,img/chair/3588.jpg,mask/chair/3588.png,model/chair/IKEA_TOBIAS/model.obj,0.558225943078608,0.6743120208288219,1.0,6.602,17465.6,True,
67,chair,img/chair/0357.jpg,mask/chair/0357.png,model/chair/SS_033/model.obj,0.5984736685941602,0.6554750233304231,1.0,9.338,18178.4,True,
68,chair,img/chair/0258.jpg,mask/chair/0258.png,model/chair/SS_018/model.obj,0.6596678471260361,0.7340911614736232,1.0,8.033,17870.5,True,
69,chair,img/chair/3311.jpg,mask/chair/3311.png,model/chair/IKEA_SNILLE_1/model_0.234139738566_-0.057290945811.obj,0.6382617923575196,0.6477062958791537,1.0,7.657,17628.2,True,
70,chair,img/chair/1058.jpg,mask/chair/1058.png,model/chair/SS_128/model.obj,0.5935389151599123,0.8040941184798513,1.0,7.815,17645.5,True,
71,chair,img/chair/1319.jpg,mask/chair/1319.png,model/chair/SS_157/model.obj,0.5769536756148385,0.6914479147359737,1.0,8.037,17762.1,True,
72,chair,img/chair/0400.jpg,mask/chair/0400.png,model/chair/SS_040/model.obj,0.5539087469202884,0.6391018558238658,1.0,8.032,17919.2,True,
73,chair,img/chair/1078.jpg,mask/chair/1078.png,model/chair/SS_130/model.obj,0.43860664699607327,0.6027027635559709,1.0,7.869,17635.3,True,
74,chair,img/chair/0487.jpg,mask/chair/0487.png,model/chair/SS_060/model.obj,0.6160747295404293,0.6498860735493278,1.0,8.338,17892.8,True,
75,chair,img/chair/2229.jpg,mask/chair/2229.png,model/chair/IKEA_JULES_1/model_0.23276401197_-0.0673071396119.obj,0.5610854245935497,0.6406678636280011,1.0,6.558,17379.2,True,
76,chair,img/chair/3174.jpg,mask/chair/3174.png,model/chair/IKEA_SIGURD/model.obj,0.6008957057373215,0.7118070061307291,1.0,6.622,17467.0,True,
77,chair,img/chair/1675.jpg,mask/chair/1675.png,model/chair/IKEA_BORJE/model.obj,0.3885574095940433,0.5701574571656693,1.0,6.556,17421.8,True,
78,chair,img/chair/0760.jpg,mask/chair/0760.png,model/chair/SS_094/model.obj,0.5050860967469206,0.5803205995958379,1.0,7.908,17586.3,True,
79,chair,img/chair/1711.jpg,mask/chair/1711.png,model/chair/IKEA_BORJE/model.obj,0.5352486343382243,0.5584326993285688,1.0,6.527,17406.7,True,
80,chair,img/chair/1619.jpg,mask/chair/1619.png,model/chair/IKEA_BERNHARD/model.obj,0.5594464119353242,0.7036062845041534,1.0,6.77,17595.4,True,
81,chair,img/chair/0977.jpg,mask/chair/0977.png,model/chair/SS_121/model.obj,0.7706962835404055,0.9876224365466799,1.0,7.674,17636.2,True,
82,chair,img/chair/3357.jpg,mask/chair/3357.png,model/chair/IKEA_SOLSTA_OLARP/model.obj,0.9151350071423207,0.9597450365210195,1.0,8.084,18012.7,True,
83,chair,img/chair/1221.jpg,mask/chair/1221.png,model/chair/SS_144/model.obj,0.5171762402987329,0.7071801068932106,1.0,8.024,17785.6,True,
84,chair,img/chair/3567.jpg,mask/chair/3567.png,model/chair/IKEA_TOBIAS/model.obj,0.5998945812628779,0.761070752828359,1.0,6.71,17447.8,True,
85,chair,img/chair/3430.jpg,mask/chair/3430.png,model/chair/IKEA_STEFAN/model.obj,0.48535326766705617,0.6676572618730987,1.0,6.558,17450.0,True,
86,chair,img/chair/3245.jpg,mask/chair/3245.png,model/chair/IKEA_SNILLE_1/model_0.725428017558_0.0404594608338.obj,0.6725699243095612,0.6871279283389073,1.0,6.63,17520.8,True,
87,chair,img/chair/0365.jpg,mask/chair/0365.png,model/chair/SS_034/model.obj,0.6131558348544318,0.6341000703495919,1.0,8.731,18023.3,True,
88,chair,img/chair/3031.jpg,mask/chair/3031.png,model/chair/IKEA_POANG_2/model.obj,0.6378482866234373,0.7380244169600264,1.0,7.64,17917.7,True,
89,chair,img/chair/3171.jpg,mask/chair/3171.png,model/chair/IKEA_SIGURD/model.obj,0.5264747238909699,0.6104027878834514,1.0,6.719,17461.6,True,
90,chair,img/chair/0796.jpg,mask/chair/0796.png,model/chair/SS_097/model.obj,0.48677125752576467,0.5676616122307767,1.0,8.099,17734.2,True,
91,chair,img/chair/2626.jpg,mask/chair/2626.png,model/chair/IKEA_MARKUS/model_0.1700827928_-0.0328753378382.obj,0.4567747665571068,0.50121347396661,1.0,6.769,17497.1,True,
92,chair,img/chair/3754.jpg,mask/chair/3754.png,model/chair/IKEA_VILMAR_2/model.obj,0.512231269734473,0.6554342311653828,1.0,6.566,17392.8,True,
93,chair,img/chair/1129.jpg,mask/chair/1129.png,model/chair/SS_137/model.obj,0.5816826400018575,0.653649888956805,1.0,7.752,17600.6,True,
94,chair,img/chair/0763.jpg,mask/chair/0763.png,model/chair/SS_095/model.obj,0.4898944766078076,0.5155839013036676,1.0,7.839,17554.0,True,
95,chair,img/chair/2268.jpg,mask/chair/2268.png,model/chair/IKEA_JULES_1/model_0.31386851527_0.0150377958795.obj,0.6277616083405313,0.6830907231115718,1.0,6.732,17445.1,True,
96,chair,img/chair/1770.jpg,mask/chair/1770.png,model/chair/IKEA_EKENAS/model.obj,0.7047487232155394,0.9713067807289854,1.0,8.835,18179.8,True,
97,chair,img/chair/1234.jpg,mask/chair/1234.png,model/chair/SS_146/model.obj,0.4533741558552285,0.6250981985330578,1.0,7.7,17564.4,True,
98,chair,img/chair/3198.jpg,mask/chair/3198.png,model/chair/IKEA_SIGURD/model.obj,0.5488813223322784,0.7197272210917427,1.0,6.664,17531.6,True,
99,chair,img/chair/3469.png,mask/chair/3469.png,model/chair/IKEA_STEFAN/model.obj,0.4405359441511712,0.5801695601984442,1.0,6.742,17402.5,True,
100,chair,img/chair/2744.jpg,mask/chair/2744.png,model/chair/IKEA_NILS/model.obj,0.7244537034169732,0.7716947487775688,1.0,6.859,17660.6,True,
101,chair,img/chair/1021.jpg,mask/chair/1021.png,model/chair/SS_125/model.obj,0.7050806797260452,0.9936903473181525,1.0,9.081,17846.2,True,
102,chair,img/chair/3440.jpg,mask/chair/3440.png,model/chair/IKEA_STEFAN/model.obj,0.5694423333836596,0.6816035725580656,1.0,6.54,17458.5,True,
103,chair,img/chair/1468.jpg,mask/chair/1468.png,model/chair/SS_177/model.obj,0.49535071704781375,0.7278868194760555,1.0,7.977,17767.8,True,
104,chair,img/chair/0300.jpg,mask/chair/0300.png,model/chair/SS_025/model.obj,0.60131319002711,0.6252142402344151,1.0,7.599,17672.7,True,
105,chair,img/chair/1063.jpg,mask/chair/1063.png,model/chair/SS_129/model.obj,0.6606946937346768,0.6939069571079304,1.0,7.769,17697.5,True,
106,chair,img/chair/0200.jpg,mask/chair/0200.png,model/chair/SS_011/model.obj,0.5915922459941497,0.7400273297535302,1.0,7.658,17599.2,True,
107,chair,img/chair/1432.jpg,mask/chair/1432.png,model/chair/SS_173/model.obj,0.4571646067169845,0.6366101940403949,1.0,7.873,17668.1,True,
108,chair,img/chair/1900.jpg,mask/chair/1900.png,model/chair/IKEA_HERMAN/model.obj,0.4777389928448584,0.6642692578948783,1.0,6.688,17462.1,True,
109,chair,img/chair/1224.jpg,mask/chair/1224.png,model/chair/SS_145/model.obj,0.50207833097828,0.5214380647619589,1.0,7.896,17594.4,True,
110,chair,img/chair/0344.jpg,mask/chair/0344.png,model/chair/SS_031/model.obj,0.5401532257071914,0.6219932862289342,1.0,7.629,17584.2,True,
111,chair,img/chair/0983.jpg,mask/chair/0983.png,model/chair/SS_122/model.obj,0.8757200519051516,0.9808455836943161,1.0,8.861,18086.7,True,
112,chair,img/chair/2796.jpg,mask/chair/2796.png,model/chair/IKEA_POANG_1/model.obj,0.6720536711980901,0.8788138145806287,1.0,8.151,18112.3,True,
113,chair,img/chair/3695.jpg,mask/chair/3695.png,model/chair/IKEA_URBAN/model.obj,0.659651404422629,0.7189982210677978,1.0,6.566,17443.8,True,
114,chair,img/chair/1428.jpg,mask/chair/1428.png,model/chair/SS_172/model.obj,0.687668904308601,0.7815938592402202,1.0,9.541,18225.5,True,
115,chair,img/chair/0989.jpg,mask/chair/0989.png,model/chair/SS_122/model.obj,0.965288755284599,0.9724024370816988,1.0,9.07,18202.6,True,
116,chair,img/chair/3280.jpg,mask/chair/3280.png,model/chair/IKEA_SNILLE_1/model_0.309161832259_0.000344334084232.obj,0.6588064216962589,0.660035468749677,1.0,6.403,17513.9,True,
117,chair,img/chair/2456.jpg,mask/chair/2456.png,model/chair/IKEA_KLAPPSTA_1/model.obj,0.8366910714756642,0.9602502710981238,1.0,11.289,18501.0,True,
118,chair,img/chair/1874.jpg,mask/chair/1874.png,model/chair/IKEA_FUSION/model.obj,0.3869620272989151,0.5918553797563164,1.0,6.624,17436.8,True,
119,chair,img/chair/3213.jpg,mask/chair/3213.png,model/chair/IKEA_SIGURD/model.obj,0.5742314704980287,0.7355990006108613,1.0,6.716,17526.7,True,
120,chair,img/chair/2251.jpg,mask/chair/2251.png,model/chair/IKEA_JULES_1/model_0.408361305863_-0.000999748488913.obj,0.6314906323908926,0.6589562479733692,1.0,6.912,17462.9,True,
121,chair,img/chair/0672.jpg,mask/chair/0672.png,model/chair/SS_087/model.obj,0.6782869360930661,0.8120919579250241,1.0,8.069,17791.4,True,
122,chair,img/chair/1211.jpg,mask/chair/1211.png,model/chair/SS_143/model.obj,0.5378729130429093,0.7412047396781142,1.0,8.157,17970.2,True,
123,chair,img/chair/1137.jpg,mask/chair/1137.png,model/chair/SS_137/model.obj,0.5938081810816012,0.7417753887691569,1.0,7.759,17544.1,True,
124,chair,img/chair/3833.jpg,mask/chair/3833.png,model/chair/IKEA_VRETA/model.obj,0.6934940555502516,0.7820972242354475,1.0,7.623,17896.8,True,
125,chair,img/chair/2764.jpeg,mask/chair/2764.png,model/chair/IKEA_PATRIK/model_-0.166083752808_-0.105098894836.obj,0.588804962126194,0.6819267527468171,1.0,6.851,17661.4,True,
126,chair,img/chair/2653.jpg,mask/chair/2653.png,model/chair/IKEA_MARKUS/model_0.166801249786_-0.0113351668888.obj,0.5051314651931844,0.5201899456285408,1.0,6.895,17558.0,True,
127,chair,img/chair/1203.jpg,mask/chair/1203.png,model/chair/SS_143/model.obj,0.6517916045267156,0.7969240548898769,1.0,8.028,17946.5,True,
128,chair,img/chair/2892.jpg,mask/chair/2892.png,model/chair/IKEA_POANG_2/model.obj,0.6226227604285527,0.6925931779998131,1.0,7.575,17815.4,True,
129,chair,img/chair/2044.jpg,mask/chair/2044.png,model/chair/IKEA_IVAR/model.obj,0.4339779832250647,0.5760841973720177,1.0,6.833,17385.5,True,
130,chair,img/chair/2884.jpg,mask/chair/2884.png,model/chair/IKEA_POANG_2/model.obj,0.6678847522893111,0.6909028232273023,1.0,7.078,17765.2,True,
131,chair,img/chair/1892.jpg,mask/chair/1892.png,model/chair/IKEA_HERMAN/model.obj,0.4820769364465619,0.6647628308846455,1.0,6.572,17440.2,True,
132,chair,img/chair/1659.jpg,mask/chair/1659.png,model/chair/IKEA_BORJE/model.obj,0.4092155315972036,0.5954035409236671,1.0,6.273,17418.4,True,
133,chair,img/chair/1020.jpg,mask/chair/1020.png,model/chair/SS_125/model.obj,0.7276166641185083,0.9733885333057318,1.0,7.884,17864.3,True,
134,chair,img/chair/0653.jpg,mask/chair/0653.png,model/chair/SS_085/model.obj,0.6885362035512449,0.7276049631582148,1.0,8.722,18010.8,True,
135,chair,img/chair/2507.jpg,mask/chair/2507.png,model/chair/IKEA_MARIUS/model.obj,0.7620199738353546,0.7779754648129791,1.0,6.588,17351.8,True,
136,chair,img/chair/2426.jpg,mask/chair/2426.png,model/chair/IKEA_KAUSTBY/model.obj,0.4159517713322344,0.5436792359454169,1.0,6.593,17430.9,True,
137,chair,img/chair/0446.jpg,mask/chair/0446.png,model/chair/SS_051/model.obj,0.5031372785739691,0.6327278992666827,1.0,8.351,17852.4,True,
138,chair,img/chair/0263.jpg,mask/chair/0263.png,model/chair/SS_018/model.obj,0.7165816682687962,0.7305216499791994,1.0,8.23,17962.2,True,
139,chair,img/chair/0526.jpg,mask/chair/0526.png,model/chair/SS_067/model.obj,0.6155771536703097,0.6761618502268625,1.0,8.041,17759.8,True,
140,chair,img/chair/0716.jpg,mask/chair/0716.png,model/chair/SS_091/model.obj,0.6292169216451503,0.6667464238540496,1.0,7.968,17740.8,True,
141,chair,img/chair/3129.jpg,mask/chair/3129.png,model/chair/IKEA_REIDAR/model.obj,0.5241839113323716,0.6675615495674351,1.0,6.575,17402.1,True,
142,chair,img/chair/0747.jpg,mask/chair/0747.png,model/chair/SS_092/model.obj,0.4725142388147486,0.6170478598466819,1.0,7.816,17651.6,True,
143,chair,img/chair/3415.jpg,mask/chair/3415.png,model/chair/IKEA_STEFAN/model.obj,0.46673660983900694,0.600207036648478,1.0,6.631,17443.3,True,
144,chair,img/chair/2011.jpg,mask/chair/2011.png,model/chair/IKEA_INGOLF/model.obj,0.4813078552164505,0.6139851775351902,1.0,6.623,17480.1,True,
145,chair,img/chair/2962.jpg,mask/chair/2962.png,model/chair/IKEA_POANG_2/model.obj,0.6177835810582989,0.66156303676329,1.0,6.867,17541.5,True,
146,chair,img/chair/0333.jpg,mask/chair/0333.png,model/chair/SS_029/model.obj,0.5311397671129097,0.7030068390166921,1.0,7.366,17611.6,True,
147,chair,img/chair/1808.jpg,mask/chair/1808.png,model/chair/IKEA_EKTORP_2/model.obj,0.900375713314197,0.9860525747261364,1.0,6.894,17700.8,True,
148,chair,img/chair/1784.jpg,mask/chair/1784.png,model/chair/IKEA_EKENAS/model.obj,0.7970308115872811,0.850822993106603,1.0,6.775,17611.5,True,
149,chair,img/chair/2958.jpg,mask/chair/2958.png,model/chair/IKEA_POANG_2/model.obj,0.5948844124653831,0.7412324017947789,1.0,6.981,17680.9,True,
150,chair,img/chair/2297.jpg,mask/chair/2297.png,model/chair/IKEA_JULES_1/model_-0.539484644247_0.0762560845204.obj,0.5517039802830583,0.6008645837401135,1.0,6.571,17470.7,True,
151,chair,img/chair/2599.jpg,mask/chair/2599.png,model/chair/IKEA_MARKUS/model_0.135569548539_-0.00531598970793.obj,0.4928870677582795,0.5438231267730129,1.0,6.586,17484.0,True,
152,chair,img/chair/1156.jpg,mask/chair/1156.png,model/chair/SS_139/model.obj,0.6047801740097137,0.6933585091783354,1.0,7.919,17737.2,True,
153,chair,img/chair/2726.jpg,mask/chair/2726.png,model/chair/IKEA_NILS/model.obj,0.6057060830968678,0.839859141092402,1.0,7.125,17771.9,True,
154,chair,img/chair/0104.png,mask/chair/0104.png,model/chair/IKEA_POANG_2/model.obj,0.6429918459227331,0.7564651005173894,1.0,7.149,17783.5,True,
155,chair,img/chair/3414.jpg,mask/chair/3414.png,model/chair/IKEA_STEFAN/model.obj,0.5075850300850606,0.6250305017924243,1.0,6.764,17386.6,True,
156,chair,img/chair/3710.jpg,mask/chair/3710.png,model/chair/IKEA_URBAN/model.obj,0.6106837248820105,0.6695260130277247,1.0,6.554,17422.4,True,
157,chair,img/chair/0546.jpg,mask/chair/0546.png,model/chair/SS_070/model.obj,0.5929241099895556,0.7097810660776075,1.0,8.087,17853.7,True,
158,chair,img/chair/3422.jpg,mask/chair/3422.png,model/chair/IKEA_STEFAN/model.obj,0.4590319093476754,0.6569753050611674,1.0,7.026,17513.7,True,
159,chair,img/chair/2643.jpeg,mask/chair/2643.png,model/chair/IKEA_MARKUS/model_-0.425071835744_-0.0722116688459.obj,0.4321356570341504,0.5209471764050927,1.0,6.735,17489.1,True,
160,chair,img/chair/1220.jpg,mask/chair/1220.png,model/chair/SS_144/model.obj,0.49384086720413917,0.6888780004664721,1.0,8.1,17820.9,True,
161,chair,img/chair/3202.jpg,mask/chair/3202.png,model/chair/IKEA_SIGURD/model.obj,0.6410603942416516,0.7932710291295666,1.0,6.786,17524.3,True,
162,chair,img/chair/1337.jpg,mask/chair/1337.png,model/chair/SS_159/model.obj,0.6818074917938554,0.8024679145612521,1.0,9.748,18232.6,True,
163,chair,img/chair/2080.jpg,mask/chair/2080.png,model/chair/IKEA_IVAR/model.obj,0.4502778818866548,0.581853401155136,1.0,6.537,17389.1,True,
164,chair,img/chair/0738.jpg,mask/chair/0738.png,model/chair/SS_092/model.obj,0.43607725368637773,0.5557394087132868,1.0,7.761,17612.2,True,
165,chair,img/chair/2230.jpg,mask/chair/2230.png,model/chair/IKEA_JULES_1/model_-0.273839578866_0.00610779881406.obj,0.6276818915293367,0.6830823354687017,1.0,6.745,17411.2,True,
166,chair,img/chair/0026.png,mask/chair/0026.png,model/chair/IKEA_STEFAN/model.obj,0.5682233677234644,0.7252555567318298,1.0,6.59,17447.0,True,
167,chair,img/chair/3718.jpg,mask/chair/3718.png,model/chair/IKEA_URBAN/model.obj,0.5982540827171909,0.6947740189832895,1.0,6.603,17434.8,True,
168,chair,img/chair/3703.jpg,mask/chair/3703.png,model/chair/IKEA_URBAN/model.obj,0.5382177304223308,0.7124525991257169,1.0,6.626,17437.9,True,
169,chair,img/chair/1205.jpg,mask/chair/1205.png,model/chair/SS_143/model.obj,0.5549307427516244,0.7446401273464123,1.0,8.097,17982.9,True,
170,chair,img/chair/2462.jpg,mask/chair/2462.png,model/chair/IKEA_KLAPPSTA_1/model.obj,0.8580076385835217,0.9577658100943587,1.0,8.658,18142.2,True,
171,chair,img/chair/0830.jpg,mask/chair/0830.png,model/chair/SS_102/model.obj,0.7225339856180305,0.7276024370762747,1.0,7.999,17733.7,True,
172,chair,img/chair/2495.jpg,mask/chair/2495.png,model/chair/IKEA_KLAPPSTA_2/model.obj,0.9605091504342756,0.9923790820219901,1.0,8.354,18012.7,True,
173,chair,img/chair/0512.jpg,mask/chair/0512.png,model/chair/SS_065/model.obj,0.5486591456638198,0.5896172246194181,1.0,8.266,17929.9,True,
174,chair,img/chair/3115.jpg,mask/chair/3115.png,model/chair/IKEA_REIDAR/model.obj,0.5285120550338798,0.6456478023633403,1.0,6.559,17383.5,True,
175,chair,img/chair/1359.jpg,mask/chair/1359.png,model/chair/SS_162/model.obj,0.5123274059308521,0.6247871749422296,1.0,8.065,17783.3,True,
176,chair,img/chair/3192.jpg,mask/chair/3192.png,model/chair/IKEA_SIGURD/model.obj,0.5507937718135901,0.729868445459091,1.0,6.544,17547.2,True,
177,chair,img/chair/3030.jpg,mask/chair/3030.png,model/chair/IKEA_POANG_2/model.obj,0.6120808474042185,0.6785550538612871,1.0,6.993,17696.4,True,
178,chair,img/chair/1736.jpg,mask/chair/1736.png,model/chair/IKEA_BORJE/model.obj,0.44045506933033823,0.6088099858435495,1.0,6.517,17400.1,True,
179,chair,img/chair/0753.jpg,mask/chair/0753.png,model/chair/SS_093/model.obj,0.6525519674415697,0.6531700025591455,1.0,7.815,17677.6,True,
180,chair,img/chair/2655.jpg,mask/chair/2655.png,model/chair/IKEA_MARKUS/model_-0.701775337412_-0.0810799058398.obj,0.43695954569532336,0.5107962075891879,1.0,6.422,17559.5,True,
181,chair,img/chair/2609.jpg,mask/chair/2609.png,model/chair/IKEA_MARKUS/model_0.392427996482_-0.169841808815.obj,0.5189639427368754,0.5475680261585979,1.0,6.3,17487.8,True,
182,chair,img/chair/0004.png,mask/chair/0004.png,model/chair/IKEA_POANG_2/model.obj,0.6463299261719068,0.7510924298615861,1.0,6.938,17842.0,True,
183,chair,img/chair/2974.jpg,mask/chair/2974.png,model/chair/IKEA_POANG_2/model.obj,0.6258780912499595,0.7083818645917185,1.0,7.315,17844.4,True,
184,chair,img/chair/1467.jpg,mask/chair/1467.png,model/chair/SS_177/model.obj,0.7509318177611782,0.8295514375699908,1.0,8.137,17860.7,True,
185,chair,img/chair/2398.jpg,mask/chair/2398.png,model/chair/IKEA_KAUSTBY/model.obj,0.43105053306349833,0.5190579621109629,1.0,6.593,17434.6,True,
186,chair,img/chair/0147.jpg,mask/chair/0147.png,model/chair/SS_005/model.obj,0.5749917676478311,0.6056421816879742,1.0,8.209,17822.6,True,
187,chair,img/chair/0535.jpg,mask/chair/0535.png,model/chair/SS_069/model.obj,0.5861197103113177,0.6847244497877033,1.0,7.772,17753.7,True,
188,chair,img/chair/1664.jpg,mask/chair/1664.png,model/chair/IKEA_BORJE/model.obj,0.4046979343404071,0.49635517151116876,1.0,6.496,17411.8,True,
189,chair,img/chair/1396.jpg,mask/chair/1396.png,model/chair/SS_167/model.obj,0.5246308021690346,0.6186297677803786,1.0,7.59,17683.6,True,
190,chair,img/chair/1106.jpg,mask/chair/1106.png,model/chair/SS_134/model.obj,0.5290586868782342,0.6192959387443983,1.0,7.648,17590.3,True,
191,chair,img/chair/0308.jpg,mask/chair/0308.png,model/chair/SS_026/model.obj,0.6422558607963532,0.6454498670011397,1.0,7.847,17772.6,True,
192,chair,img/chair/1112.jpg,mask/chair/1112.png,model/chair/SS_135/model.obj,0.526788799699374,0.7497190283524262,1.0,8.219,17886.4,True,
193,chair,img/chair/0424.jpg,mask/chair/0424.png,model/chair/SS_044/model.obj,0.7559651465630896,0.7834476902439776,1.0,8.464,17996.9,True,
194,chair,img/chair/3770.jpg,mask/chair/3770.png,model/chair/IKEA_VILMAR_2/model.obj,0.520040584988013,0.7224529117766906,1.0,6.618,17437.5,True,
195,chair,img/chair/2385.jpg,mask/chair/2385.png,model/chair/IKEA_KAUSTBY/model.obj,0.37779982274725904,0.5113577325822698,1.0,6.92,17445.3,True,
196,chair,img/chair/0356.jpg,mask/chair/0356.png,model/chair/SS_033/model.obj,0.6154284399636469,0.6882964598139674,1.0,9.16,18180.9,True,
197,chair,img/chair/2619.jpg,mask/chair/2619.png,model/chair/IKEA_MARKUS/model_0.805839422316_-0.0492137996173.obj,0.4672316247228119,0.5012079017259685,1.0,6.691,17548.4,True,
198,chair,img/chair/0596.jpg,mask/chair/0596.png,model/chair/SS_077/model.obj,0.7380197852802443,0.9885306636624075,1.0,7.92,17749.2,True,
199,chair,img/chair/0610.jpg,mask/chair/0610.png,model/chair/SS_080/model.obj,0.5533069047749932,0.7731606107489294,1.0,8.104,17821.4,True,
200,chair,img/chair/3301.jpg,mask/chair/3301.png,model/chair/IKEA_SNILLE_1/model_0.234407487697_0.040966288141.obj,0.6326420011232291,0.6390611527883,1.0,6.698,17514.9,True,
201,chair,img/chair/2329.jpg,mask/chair/2329.png,model/chair/IKEA_JULES_2/model.obj,0.5794741414111841,0.5821164580910445,1.0,6.618,17411.2,True,
202,chair,img/chair/2705.jpg,mask/chair/2705.png,model/chair/IKEA_NILS/model.obj,0.7140536457219671,0.7983892389141524,1.0,7.289,17760.1,True,
203,chair,img/chair/0771.jpg,mask/chair/0771.png,model/chair/SS_096/model.obj,0.5373164464322032,0.5675637748582879,1.0,7.599,17601.2,True,
204,chair,img/chair/1212.jpg,mask/chair/1212.png,model/chair/SS_143/model.obj,0.5887423510819665,0.7732896180966651,1.0,8.541,18087.4,True,
205,chair,img/chair/2593.jpg,mask/chair/2593.png,model/chair/IKEA_MARIUS/model.obj,0.9557190774444403,0.9602271292571007,1.0,6.381,17530.6,True,
206,chair,img/chair/3015.jpg,mask/chair/3015.png,model/chair/IKEA_POANG_2/model.obj,0.6380893395007394,0.7092695177256415,1.0,7.294,17823.5,True,
207,chair,img/chair/2019.jpg,mask/chair/2019.png,model/chair/IKEA_INGOLF/model.obj,0.45209957127716827,0.6108977756024762,1.0,6.858,17459.1,True,
208,chair,img/chair/0986.jpg,mask/chair/0986.png,model/chair/SS_122/model.obj,0.828729298281274,0.9821078561032244,1.0,8.213,17884.7,True,
209,chair,img/chair/2654.jpg,mask/chair/2654.png,model/chair/IKEA_MARKUS/model_0.765573154197_-0.0543742073802.obj,0.4768659867748114,0.4823341496482357,1.0,6.937,17585.2,True,
210,chair,img/chair/3757.jpg,mask/chair/3757.png,model/chair/IKEA_VILMAR_2/model.obj,0.7375672915083757,0.786665639441368,1.0,6.725,17377.3,True,
211,chair,img/chair/3480.jpg,mask/chair/3480.png,model/chair/IKEA_STEFAN/model.obj,0.45483949773159327,0.6176577094804688,1.0,6.434,17417.4,True,
212,chair,img/chair/0936.jpg,mask/chair/0936.png,model/chair/SS_113/model.obj,0.5466301342188445,0.7849101631424006,1.0,7.951,17710.8,True,
213,chair,img/chair/3660.jpg,mask/chair/3660.png,model/chair/IKEA_TOBIAS/model.obj,0.7188510523622902,0.8288433978824864,1.0,6.56,17459.1,True,
214,chair,img/chair/1414.jpg,mask/chair/1414.png,model/chair/SS_169/model.obj,0.47736379190376804,0.6824434988306533,1.0,8.009,17817.9,True,
215,chair,img/chair/1891.jpg,mask/chair/1891.png,model/chair/IKEA_HERMAN/model.obj,0.5004785030741062,0.65140209855394,1.0,6.774,17440.7,True,
216,chair,img/chair/3363.jpg,mask/chair/3363.png,model/chair/IKEA_SOLSTA_OLARP/model.obj,0.6765390395920295,0.9614802358832317,1.0,6.827,17587.1,True,
217,chair,img/chair/1732.jpg,mask/chair/1732.png,model/chair/IKEA_BORJE/model.obj,0.4054989914095646,0.5814038148289635,1.0,6.607,17404.1,True,
218,sofa,img/sofa/1370.jpg,mask/sofa/1370.png,model/sofa/IKEA_LYCKSELE/model.obj,0.5700728693170327,0.8309564725025246,1.0,6.918,17650.1,True,
219,sofa,img/sofa/1582.jpg,mask/sofa/1582.png,model/sofa/IKEA_SKOGABY/model.obj,0.48036194701952356,0.49020613010146635,1.0,6.621,17421.5,True,
220,sofa,img/sofa/1405.jpg,mask/sofa/1405.png,model/sofa/IKEA_MANSTAD/model.obj,0.3578407373158539,0.6690250833417826,1.0,6.814,17574.5,True,
221,sofa,img/sofa/0530.jpg,mask/sofa/0530.png,model/sofa/IKEA_KARLSTAD_2/model.obj,0.4861325922776571,0.4974688238975534,1.0,6.666,17409.1,True,
222,sofa,img/sofa/0888.jpg,mask/sofa/0888.png,model/sofa/IKEA_KLAPPSTA/model.obj,0.9079605138118563,0.9868751916681329,1.0,8.386,18096.3,True,
223,sofa,img/sofa/0831.jpg,mask/sofa/0831.png,model/sofa/IKEA_KIVIK_2/model.obj,0.43408548469642505,0.5363421138636177,1.0,6.879,17629.7,True,
224,sofa,img/sofa/0355.jpg,mask/sofa/0355.png,model/sofa/IKEA_EKTORP_3/model.obj,0.4462305333648058,0.5548899091686389,1.0,7.037,17416.1,True,
225,sofa,img/sofa/1116.jpg,mask/sofa/1116.png,model/sofa/IKEA_KLIPPAN_2/model.obj,0.3771607892173391,0.4283268722961641,1.0,7.05,17485.3,True,
226,sofa,img/sofa/0142.jpg,mask/sofa/0142.png,model/sofa/IKEA_EKTORP_1/model.obj,0.3004631650490531,0.677906124415561,1.0,7.22,17621.2,True,
227,sofa,img/sofa/1751.jpg,mask/sofa/1751.png,model/sofa/IKEA_SOLSTA_d053e745b565fa391c1b3b2ed8d13bf8/model.obj,0.6249580191167253,0.6602581291281762,1.0,7.173,17874.9,True,
228,sofa,img/sofa/1669.jpg,mask/sofa/1669.png,model/sofa/IKEA_SOLSTA_d053e745b565fa391c1b3b2ed8d13bf8/model.obj,0.6644442527341735,0.756301112159633,1.0,7.502,17783.8,True,
229,sofa,img/sofa/0845.jpg,mask/sofa/0845.png,model/sofa/IKEA_KIVIK_2/model.obj,0.37925488692236503,0.47594524586224485,1.0,6.858,17403.8,True,
230,sofa,img/sofa/1752.jpg,mask/sofa/1752.png,model/sofa/IKEA_SOLSTA_d053e745b565fa391c1b3b2ed8d13bf8/model.obj,0.6091101059062217,0.6613090300080099,1.0,6.929,17711.1,True,
231,sofa,img/sofa/0814.jpg,mask/sofa/0814.png,model/sofa/IKEA_KIVIK_2/model.obj,0.4874937424902513,0.5962631682753058,1.0,6.763,17583.5,True,
232,sofa,img/sofa/0068.png,mask/sofa/0068.png,model/sofa/IKEA_KARLSTAD_1/model.obj,0.4108885171949689,0.440766527987411,1.0,6.788,17550.0,True,
233,sofa,img/sofa/0375.jpg,mask/sofa/0375.png,model/sofa/IKEA_EKTORP_3/model.obj,0.5052173367594976,0.5847983693857607,1.0,6.63,17492.9,True,
234,sofa,img/sofa/1865.jpg,mask/sofa/1865.png,model/sofa/IKEA_TIDAFORS/model.obj,0.5048295372526539,0.5383460609758258,1.0,6.841,17621.2,True,
235,sofa,img/sofa/0318.jpg,mask/sofa/0318.png,model/sofa/IKEA_EKTORP_2/model.obj,0.42547949038444827,0.5176713282500637,1.0,6.646,17381.3,True,
236,sofa,img/sofa/0840.jpg,mask/sofa/0840.png,model/sofa/IKEA_KIVIK_2/model.obj,0.4067174245621647,0.49928873811108637,1.0,6.557,17397.6,True,
237,sofa,img/sofa/0367.jpg,mask/sofa/0367.png,model/sofa/IKEA_EKTORP_3/model.obj,0.4514973704841805,0.5273616093935919,1.0,6.758,17361.0,True,
238,sofa,img/sofa/0185.jpg,mask/sofa/0185.png,model/sofa/IKEA_EKTORP_2/model.obj,0.5077669121985294,0.5845239581910896,1.0,6.737,17568.5,True,
239,sofa,img/sofa/1092.jpg,mask/sofa/1092.png,model/sofa/IKEA_KLIPPAN_1/model.obj,0.48164292414049004,0.5287945983939248,1.0,6.826,17512.1,True,
240,sofa,img/sofa/1572.jpg,mask/sofa/1572.png,model/sofa/IKEA_SKOGABY/model.obj,0.46026278873321563,0.4903325077445021,1.0,7.951,17417.2,True,
241,sofa,img/sofa/0865.jpg,mask/sofa/0865.png,model/sofa/IKEA_KLAPPSTA/model.obj,0.932497038869852,0.9617133114991587,1.0,8.721,18023.3,True,
242,sofa,img/sofa/0964.jpg,mask/sofa/0964.png,model/sofa/IKEA_KLIPPAN_1/model.obj,0.4809659237892475,0.5280547442099373,1.0,8.54,17519.3,True,
243,sofa,img/sofa/1498.jpg,mask/sofa/1498.png,model/sofa/IKEA_SATER/model.obj,0.3768646796301824,0.42122677343994125,1.0,7.013,17510.2,True,
244,sofa,img/sofa/0800.jpg,mask/sofa/0800.png,model/sofa/IKEA_KIVIK_2/model.obj,0.3711678755026219,0.48493788176891417,1.0,6.727,17382.5,True,
245,sofa,img/sofa/1637.jpg,mask/sofa/1637.png,model/sofa/IKEA_SOLSTA_d053e745b565fa391c1b3b2ed8d13bf8/model.obj,0.5855554356064919,0.6482297171233956,1.0,6.751,17420.3,True,
246,sofa,img/sofa/0567.jpg,mask/sofa/0567.png,model/sofa/IKEA_KARLSTAD_3/model.obj,0.45357726026220135,0.4782429287723885,1.0,6.987,17403.5,True,
247,sofa,img/sofa/1710.jpg,mask/sofa/1710.png,model/sofa/IKEA_SOLSTA_d053e745b565fa391c1b3b2ed8d13bf8/model.obj,0.5667902488449629,0.6725422287458269,1.0,7.111,17729.5,True,
248,sofa,img/sofa/1722.jpg,mask/sofa/1722.png,model/sofa/IKEA_SOLSTA_d053e745b565fa391c1b3b2ed8d13bf8/model.obj,0.6106472242571572,0.6671894774448373,1.0,6.962,17848.8,True,
249,sofa,img/sofa/1469.jpg,mask/sofa/1469.png,model/sofa/IKEA_SATER/model.obj,0.49046598458050855,0.5694188418733251,1.0,6.847,17607.0,True,
250,sofa,img/sofa/0876.jpg,mask/sofa/0876.png,model/sofa/IKEA_KLAPPSTA/model.obj,0.9006781409254109,0.9424853903127577,1.0,7.883,18031.3,True,
251,sofa,img/sofa/1290.jpg,mask/sofa/1290.png,model/sofa/IKEA_LYCKSELE/model.obj,0.5363207311387044,0.7308827285533197,1.0,6.722,17409.9,True,
252,sofa,img/sofa/0740.jpg,mask/sofa/0740.png,model/sofa/IKEA_KIVIK_2/model.obj,0.4019704920900358,0.4891121607669207,1.0,6.676,17400.6,True,
253,sofa,img/sofa/0447.jpg,mask/sofa/0447.png,model/sofa/IKEA_KARLSTAD_1/model.obj,0.41872430870981814,0.44200876954674634,1.0,6.835,17395.8,True,
254,sofa,img/sofa/0454.jpeg,mask/sofa/0454.png,model/sofa/IKEA_KARLSTAD_1/model.obj,0.427581017526072,0.43280094444614603,1.0,7.152,17537.5,True,
255,sofa,img/sofa/1946.jpg,mask/sofa/1946.png,model/sofa/IKEA_VRETA/model.obj,0.39809189860033356,0.41684704764311825,1.0,6.877,17516.7,True,
256,sofa,img/sofa/1351.jpg,mask/sofa/1351.png,model/sofa/IKEA_LYCKSELE/model.obj,0.5298298856002261,0.7939244319354458,1.0,6.737,17447.8,True,
257,sofa,img/sofa/1152.jpg,mask/sofa/1152.png,model/sofa/IKEA_KLIPPAN_3/model.obj,0.4220860117817996,0.4615557890845017,1.0,10.114,17732.9,True,
258,sofa,img/sofa/1329.jpg,mask/sofa/1329.png,model/sofa/IKEA_LYCKSELE/model.obj,0.49865992644693047,0.7386917096334346,1.0,6.96,17434.6,True,
259,sofa,img/sofa/1299.jpg,mask/sofa/1299.png,model/sofa/IKEA_LYCKSELE/model.obj,0.5325007610654203,0.753444375667139,1.0,7.146,17529.3,True,
260,sofa,img/sofa/1452.jpg,mask/sofa/1452.png,model/sofa/IKEA_SATER/model.obj,0.468216480076018,0.48018057627132255,1.0,6.694,17377.0,True,
261,sofa,img/sofa/0287.jpg,mask/sofa/0287.png,model/sofa/IKEA_EKTORP_2/model.obj,0.43149962233708833,0.5199384040741505,1.0,6.625,17389.4,True,
262,sofa,img/sofa/1929.jpg,mask/sofa/1929.png,model/sofa/IKEA_TIDAFORS/model.obj,0.43171284340770194,0.4803686009141465,1.0,6.96,17628.7,True,
263,sofa,img/sofa/1910.jpg,mask/sofa/1910.png,model/sofa/IKEA_TIDAFORS/model.obj,0.38243751585862373,0.44597412606780173,1.0,6.883,17423.6,True,
264,sofa,img/sofa/0463.jpg,mask/sofa/0463.png,model/sofa/IKEA_KARLSTAD_1/model.obj,0.5008686895355857,0.5264894044827407,1.0,7.373,17662.0,True,
265,sofa,img/sofa/0329.jpg,mask/sofa/0329.png,model/sofa/IKEA_EKTORP_2/model.obj,0.4550755074104404,0.5319612238670345,1.0,6.795,17598.2,True,
266,sofa,img/sofa/1280.jpg,mask/sofa/1280.png,model/sofa/IKEA_LYCKSELE/model.obj,0.5383102084618367,0.7390142165071716,1.0,6.693,17473.0,True,
267,sofa,img/sofa/1118.jpg,mask/sofa/1118.png,model/sofa/IKEA_KLIPPAN_2/model.obj,0.42466793375567324,0.4340128522669226,1.0,6.578,17345.8,True,
268,sofa,img/sofa/0498.jpg,mask/sofa/0498.png,model/sofa/IKEA_KARLSTAD_1/model.obj,0.3998266416265273,0.440503920207355,1.0,6.807,17389.0,True,
269,sofa,img/sofa/0890.jpg,mask/sofa/0890.png,model/sofa/IKEA_KLAPPSTA/model.obj,0.804361888310374,0.9211490769677516,1.0,10.886,18555.4,True,
270,sofa,img/sofa/0743.jpg,mask/sofa/0743.png,model/sofa/IKEA_KIVIK_2/model.obj,0.370626346182375,0.4290277307982362,1.0,6.567,17381.6,True,
271,sofa,img/sofa/1631.jpg,mask/sofa/1631.png,model/sofa/IKEA_SOLSTA_d053e745b565fa391c1b3b2ed8d13bf8/model.obj,0.5949759949410262,0.6455325389443847,1.0,6.621,17492.9,True,
272,sofa,img/sofa/1399.jpg,mask/sofa/1399.png,model/sofa/IKEA_MANSTAD/model.obj,0.3494128676094608,0.6678021832563131,1.0,6.745,17623.2,True,
273,sofa,img/sofa/0589.jpg,mask/sofa/0589.png,model/sofa/IKEA_KARLSTAD_3/model.obj,0.43692283076442,0.5087104727624786,1.0,7.347,17630.7,True,
274,sofa,img/sofa/1325.jpg,mask/sofa/1325.png,model/sofa/IKEA_LYCKSELE/model.obj,0.6650422516538727,0.8960882138608156,1.0,6.903,17681.6,True,
275,sofa,img/sofa/0723.jpg,mask/sofa/0723.png,model/sofa/IKEA_KIVIK_1/model.obj,0.4624275309212204,0.6126218644681019,1.0,6.605,17482.4,True,
276,sofa,img/sofa/1439.jpg,mask/sofa/1439.png,model/sofa/IKEA_MANSTAD/model.obj,0.40347532684947357,0.605215320430062,1.0,6.531,17421.7,True,
277,sofa,img/sofa/0894.jpeg,mask/sofa/0894.png,model/sofa/IKEA_KLAPPSTA/model.obj,0.8166191059019702,0.8841228590778432,1.0,11.742,18606.4,True,
278,sofa,img/sofa/0387.jpg,mask/sofa/0387.png,model/sofa/IKEA_EKTORP_3/model.obj,0.4735962578160374,0.5663746159898704,1.0,6.618,17480.5,True,
279,sofa,img/sofa/1385.jpg,mask/sofa/1385.png,model/sofa/IKEA_MANSTAD/model.obj,0.3609449184760761,0.6662933831056144,1.0,6.793,17602.4,True,
280,sofa,img/sofa/1662.jpg,mask/sofa/1662.png,model/sofa/IKEA_SOLSTA_d053e745b565fa391c1b3b2ed8d13bf8/model.obj,0.5395589987046994,0.6756981692361685,1.0,6.933,17691.8,True,
281,sofa,img/sofa/0461.jpg,mask/sofa/0461.png,model/sofa/IKEA_KARLSTAD_1/model.obj,0.4716840163204068,0.47553808408975257,1.0,6.981,17575.4,True,
282,sofa,img/sofa/0270.jpg,mask/sofa/0270.png,model/sofa/IKEA_EKTORP_2/model.obj,0.4221447662357178,0.5101112735439259,1.0,6.8,17392.0,True,
283,sofa,img/sofa/1926.jpg,mask/sofa/1926.png,model/sofa/IKEA_TIDAFORS/model.obj,0.5267341357632365,0.5459199568967378,1.0,7.014,17499.3,True,
284,sofa,img/sofa/1640.jpg,mask/sofa/1640.png,model/sofa/IKEA_SOLSTA_d053e745b565fa391c1b3b2ed8d13bf8/model.obj,0.5525644314143674,0.5808895671520954,1.0,6.558,17422.9,True,
285,sofa,img/sofa/0118.png,mask/sofa/0118.png,model/sofa/IKEA_SATER/model.obj,0.4231833702006461,0.46180393095014455,1.0,6.562,17507.4,True,
286,sofa,img/sofa/0445.jpg,mask/sofa/0445.png,model/sofa/IKEA_KARLSTAD_1/model.obj,0.41100150422824633,0.4252140830343862,1.0,6.713,17362.9,True,
287,sofa,img/sofa/0862.jpg,mask/sofa/0862.png,model/sofa/IKEA_KLAPPSTA/model.obj,0.9608123173926968,0.9650070190009369,1.0,8.242,18011.3,True,
288,sofa,img/sofa/0676.jpg,mask/sofa/0676.png,model/sofa/IKEA_KARLSTAD_4/model.obj,0.32641533597091704,0.7035793145323934,1.0,7.754,17966.5,True,
289,sofa,img/sofa/1289.jpg,mask/sofa/1289.png,model/sofa/IKEA_LYCKSELE/model.obj,0.5191731873204652,0.7385211305590931,1.0,6.51,17399.1,True,
290,sofa,img/sofa/1488.jpg,mask/sofa/1488.png,model/sofa/IKEA_SATER/model.obj,0.40961958811256166,0.41342156632677335,1.0,6.289,17379.6,True,
291,sofa,img/sofa/0799.jpg,mask/sofa/0799.png,model/sofa/IKEA_KIVIK_2/model.obj,0.41806499217237525,0.515207272788176,1.0,6.523,17400.3,True,
292,sofa,img/sofa/1277.jpg,mask/sofa/1277.png,model/sofa/IKEA_LYCKSELE/model.obj,0.5373394140121182,0.7469980659814888,1.0,6.787,17580.7,True,
293,sofa,img/sofa/0671.jpg,mask/sofa/0671.png,model/sofa/IKEA_KARLSTAD_4/model.obj,0.3436955935640845,0.6423086854781695,1.0,6.726,17563.7,True,
294,sofa,img/sofa/1215.jpg,mask/sofa/1215.png,model/sofa/IKEA_KLIPPAN_3/model.obj,0.4897266357452757,0.5097334871112171,1.0,6.846,17382.0,True,
295,sofa,img/sofa/0030.png,mask/sofa/0030.png,model/sofa/IKEA_KARLSTAD_1/model.obj,0.4361515654727608,0.4804375771623326,1.0,6.858,17556.7,True,
296,sofa,img/sofa/1248.jpg,mask/sofa/1248.png,model/sofa/IKEA_KLIPPAN_3/model.obj,0.4551961808632841,0.5618937910021051,1.0,7.224,17598.2,True,
297,sofa,img/sofa/0931.jpg,mask/sofa/0931.png,model/sofa/IKEA_KLIPPAN_1/model.obj,0.48336253663073403,0.4872750907415117,1.0,7.019,17499.5,True,
298,sofa,img/sofa/1413.jpg,mask/sofa/1413.png,model/sofa/IKEA_MANSTAD/model.obj,0.3785678639490299,0.628498052276448,1.0,6.981,17568.8,True,
299,sofa,img/sofa/0982.jpg,mask/sofa/0982.png,model/sofa/IKEA_KLIPPAN_1/model.obj,0.47808302056152435,0.5427488881297291,1.0,6.729,17532.3,True,
300,sofa,img/sofa/1328.jpg,mask/sofa/1328.png,model/sofa/IKEA_LYCKSELE/model.obj,0.5925108017479039,0.8661210308831429,1.0,7.028,17626.0,True,
301,sofa,img/sofa/1673.jpg,mask/sofa/1673.png,model/sofa/IKEA_SOLSTA_d053e745b565fa391c1b3b2ed8d13bf8/model.obj,0.543838334985573,0.6135366951028314,1.0,6.929,17426.2,True,
302,sofa,img/sofa/1501.jpg,mask/sofa/1501.png,model/sofa/IKEA_SATER/model.obj,0.43519109366015873,0.4518250484749709,1.0,6.713,17532.6,True,
303,sofa,img/sofa/0638.jpg,mask/sofa/0638.png,model/sofa/IKEA_KARLSTAD_3/model.obj,0.4772353033773982,0.48050528799222425,1.0,8.048,17633.0,True,
304,sofa,img/sofa/0739.jpg,mask/sofa/0739.png,model/sofa/IKEA_KIVIK_2/model.obj,0.37304350656887164,0.45347761269531656,1.0,6.887,17378.7,True,
305,sofa,img/sofa/1013.jpg,mask/sofa/1013.png,model/sofa/IKEA_KLIPPAN_1/model.obj,0.521596360682658,0.5279377832180066,1.0,6.814,17475.0,True,
306,sofa,img/sofa/0808.jpg,mask/sofa/0808.png,model/sofa/IKEA_KIVIK_2/model.obj,0.3652326339453265,0.46298803079641077,1.0,6.704,17374.8,True,
307,sofa,img/sofa/0317.jpg,mask/sofa/0317.png,model/sofa/IKEA_EKTORP_2/model.obj,0.4996774723717692,0.555123195261289,1.0,6.535,17410.2,True,
308,sofa,img/sofa/1729.jpg,mask/sofa/1729.png,model/sofa/IKEA_SOLSTA_d053e745b565fa391c1b3b2ed8d13bf8/model.obj,0.5870318202225189,0.6566934648568858,1.0,6.858,17800.9,True,
309,sofa,img/sofa/1644.jpg,mask/sofa/1644.png,model/sofa/IKEA_SOLSTA_d053e745b565fa391c1b3b2ed8d13bf8/model.obj,0.5699141448712943,0.6188284915753612,1.0,6.681,17463.3,True,
310,sofa,img/sofa/1055.jpg,mask/sofa/1055.png,model/sofa/IKEA_KLIPPAN_1/model.obj,0.44449180638524055,0.4612925284141848,1.0,6.549,17339.5,True,
311,sofa,img/sofa/0313.jpg,mask/sofa/0313.png,model/sofa/IKEA_EKTORP_2/model.obj,0.5913360238558394,0.6830075157778901,1.0,6.867,17677.0,True,
312,sofa,img/sofa/0269.jpg,mask/sofa/0269.png,model/sofa/IKEA_EKTORP_2/model.obj,0.47138520472849127,0.5564740040862636,1.0,6.561,17417.7,True,
313,sofa,img/sofa/1742.jpg,mask/sofa/1742.png,model/sofa/IKEA_SOLSTA_d053e745b565fa391c1b3b2ed8d13bf8/model.obj,0.5064872597308424,0.6251746639369185,1.0,6.693,17430.5,True,
314,table,img/table/1620.jpg,mask/table/1620.png,model/table/IKEA_TORSBY_2/model.obj,0.6821156549202537,0.7452248977468758,1.0,6.804,17467.5,True,
315,table,img/table/1684.jpg,mask/table/1684.png,model/table/IKEA_UTBY_1/model.obj,0.5265812328061423,0.9848351815982981,1.0,6.63,17520.8,True,
316,table,img/table/1779.jpg,mask/table/1779.png,model/table/IKEA_VITTSJO_2/model.obj,0.4366870762575617,0.8161005116766263,1.0,6.726,17435.1,True,
317,table,img/table/0734.jpg,mask/table/0734.png,model/table/IKEA_INGATORP/model.obj,0.4967491468750153,0.5231281566161492,1.0,6.574,17457.9,True,
318,table,img/table/0211.jpg,mask/table/0211.png,model/table/IKEA_BJURSTA_3/model.obj,0.6395797588527448,0.9997875149302826,1.0,6.682,17565.8,True,
319,table,img/table/1702.jpg,mask/table/1702.png,model/table/IKEA_UTBY_2/model.obj,0.5955589874463427,0.7742928366200061,1.0,6.556,17522.1,True,
320,table,img/table/0311.jpg,mask/table/0311.png,model/table/IKEA_DOCKSTA/model.obj,0.7376702019508641,0.995965298246234,1.0,7.049,17679.7,True,
321,table,img/table/0806.jpg,mask/table/0806.png,model/table/IKEA_INGO_4/model.obj,0.655050953220064,0.9963704428211371,1.0,8.36,17991.0,True,
322,table,img/table/0255.jpg,mask/table/0255.png,model/table/IKEA_DOCKSTA/model.obj,0.7803902829923249,0.9704566040939223,1.0,6.737,17565.1,True,
323,table,img/table/0251.jpg,mask/table/0251.png,model/table/IKEA_DOCKSTA/model.obj,0.7175788714805391,0.9968498448568754,1.0,6.681,17478.5,True,
324,table,img/table/0958.jpg,mask/table/0958.png,model/table/IKEA_KLINGSBO_1/model.obj,0.9193536298625733,0.9379041786174501,1.0,6.717,17555.7,True,
325,table,img/table/1433.jpeg,mask/table/1433.png,model/table/IKEA_NORDEN_2/model.obj,0.5117522971653864,0.577961332277296,1.0,6.623,17471.2,True,
326,table,img/table/0616.jpg,mask/table/0616.png,model/table/IKEA_HEMNES_1/model.obj,0.661463063263039,0.9990632592006095,1.0,7.726,17786.6,True,
327,table,img/table/0983.jpg,mask/table/0983.png,model/table/IKEA_KLUBBO_2/model.obj,0.32887956978369004,0.6398866851775701,1.0,6.623,17491.4,True,
328,table,img/table/0127.jpg,mask/table/0127.png,model/table/IKEA_BJORKUDDEN_2/model.obj,0.8812025364141611,0.9966799809427593,1.0,8.392,18122.7,True,
329,table,img/table/0320.jpg,mask/table/0320.png,model/table/IKEA_DOCKSTA/model.obj,0.7237055798600489,0.9535695433456928,1.0,6.648,17487.7,True,
330,table,img/table/1468.jpg,mask/table/1468.png,model/table/IKEA_ODDA/model.obj,0.549566666673907,0.7110028383941445,1.0,9.197,18266.5,True,
331,table,img/table/1742.png,mask/table/1742.png,model/table/IKEA_VEJMON_3/model.obj,0.6523964488314216,0.7578926427787346,1.0,6.835,17607.3,True,
332,table,img/table/1177.jpg,mask/table/1177.png,model/table/IKEA_MALM_1/model.obj,0.3619441807118484,0.6447266278488641,1.0,6.951,17652.9,True,
333,table,img/table/1023.jpg,mask/table/1023.png,model/table/IKEA_LACK_3/model.obj,0.8644108709741392,0.9948466116438002,1.0,7.787,17835.5,True,
334,table,img/table/0851.png,mask/table/0851.png,model/table/IKEA_ISALA_2/model.obj,0.5734863430583408,0.871361909143699,1.0,7.145,17697.5,True,
335,table,img/table/1171.jpg,mask/table/1171.png,model/table/IKEA_MALM_1/model.obj,0.38996167671558896,0.6799924151600669,1.0,6.743,17550.4,True,
336,table,img/table/0966.jpg,mask/table/0966.png,model/table/IKEA_KLINGSBO_1/model.obj,0.8855253729937649,0.929044109866451,1.0,6.801,17534.3,True,
337,table,img/table/1032.jpg,mask/table/1032.png,model/table/IKEA_LACK_3/model.obj,0.8824595097681915,0.9508680030445436,1.0,7.564,17854.3,True,
338,table,img/table/1400.jpg,mask/table/1400.png,model/table/IKEA_NORDEN_1/model.obj,0.7157679758571398,0.9889166328420436,1.0,9.072,18208.3,True,
339,table,img/table/0642.jpg,mask/table/0642.png,model/table/IKEA_HEMNES_3/model.obj,0.24554218095212926,0.4951468010489524,1.0,6.881,17624.4,True,
340,table,img/table/1128.png,mask/table/1128.png,model/table/IKEA_LINDVED/model.obj,0.761638730345526,0.7991263998512215,1.0,6.8,17389.7,True,
341,table,img/table/1563.jpg,mask/table/1563.png,model/table/IKEA_TOFTERYD/model.obj,0.23321832836408105,0.8972574126592502,1.0,6.9,17556.0,True,
342,table,img/table/0277.jpg,mask/table/0277.png,model/table/IKEA_DOCKSTA/model.obj,0.7277162511781092,0.9865451138266952,1.0,6.608,17479.1,True,
343,table,img/table/0044.png,mask/table/0044.png,model/table/IKEA_LACK_2/model.obj,0.7510186675881892,0.9662453000326595,1.0,7.281,17828.2,True,
344,table,img/table/1565.jpg,mask/table/1565.png,model/table/IKEA_TOFTERYD/model.obj,0.19347610143244082,0.9620839458830488,1.0,7.058,17489.8,True,
345,table,img/table/0460.jpeg,mask/table/0460.png,model/table/IKEA_DOCKSTA/model.obj,0.7480033714565968,0.9995339253681726,1.0,7.072,17671.3,True,
346,table,img/table/0280.jpg,mask/table/0280.png,model/table/IKEA_DOCKSTA/model.obj,0.7430477001614192,0.9993511627023074,1.0,6.924,17696.5,True,
347,table,img/table/1816.jpg,mask/table/1816.png,model/table/IKEA_VITTSJO_2/model.obj,0.5159652636238464,0.8229850843105161,1.0,7.265,17485.0,True,
348,table,img/table/0885.png,mask/table/0885.png,model/table/IKEA_JOKKMOKK/model.obj,0.6339433692115193,0.643532367847678,1.0,6.842,17636.9,True,
349,table,img/table/1693.jpg,mask/table/1693.png,model/table/IKEA_UTBY_1/model.obj,0.4157110289433649,0.9116730819968941,1.0,6.594,17413.5,True,
350,table,img/table/0647.jpg,mask/table/0647.png,model/table/IKEA_HEMNES_3/model.obj,0.24868820989011103,0.4977021646741801,1.0,6.984,17642.5,True,
351,table,img/table/1266.jpg,mask/table/1266.png,model/table/IKEA_MUDDUS/model.obj,0.8443138774533926,0.9049486101330887,1.0,6.855,17578.9,True,
352,table,img/table/0979.jpg,mask/table/0979.png,model/table/IKEA_KLUBBO_2/model.obj,0.2641395116273244,0.541983312925719,1.0,6.984,17523.0,True,
353,table,img/table/1326.jpg,mask/table/1326.png,model/table/IKEA_NORBO/model.obj,0.5140392816294302,0.7568682379369913,1.0,6.707,17504.8,True,
354,table,img/table/1079.jpg,mask/table/1079.png,model/table/IKEA_LACK_3/model.obj,0.7540827475405354,0.9078789673159898,1.0,6.712,17473.1,True,
355,table,img/table/0735.jpg,mask/table/0735.png,model/table/IKEA_INGATORP/model.obj,0.5837300326608102,0.6431541654129369,1.0,6.883,17544.8,True,
356,table,img/table/1517.jpg,mask/table/1517.png,model/table/IKEA_SALMI/model.obj,0.7346621478520512,0.9965193644438376,1.0,6.935,17554.8,True,
357,table,img/table/1849.jpg,mask/table/1849.png,model/table/IKEA_VITTSJO_2/model.obj,0.4175718017145646,0.8002753767018738,1.0,7.232,17360.7,True,
358,table,img/table/1137.png,mask/table/1137.png,model/table/IKEA_LINDVED/model.obj,0.7916649779946221,0.8389920792160076,1.0,6.631,17392.1,True,
359,table,img/table/1769.jpg,mask/table/1769.png,model/table/IKEA_VITTSJO_2/model.obj,0.503703999915909,0.8220695278946664,1.0,7.15,17449.4,True,
360,table,img/table/0038.png,mask/table/0038.png,model/table/IKEA_LACK_2/model.obj,0.7790189724315475,0.9857847201957494,1.0,7.356,17742.4,True,
361,table,img/table/1127.jpg,mask/table/1127.png,model/table/IKEA_LINDVED/model.obj,0.8271676235016673,0.8662750683126494,1.0,6.757,17393.6,True,
362,table,img/table/0485.jpg,mask/table/0485.png,model/table/IKEA_DOCKSTA/model.obj,0.7409624044688456,0.9973089683843173,1.0,7.008,17622.6,True,
363,table,img/table/0653.jpg,mask/table/0653.png,model/table/IKEA_HEMNES_3/model.obj,0.3117977468412064,0.5691453905679231,1.0,6.84,17636.5,True,
364,table,img/table/1030.jpg,mask/table/1030.png,model/table/IKEA_LACK_3/model.obj,0.8715704084035893,0.9585283483456792,1.0,7.199,17645.1,True,
365,table,img/table/0602.jpg,mask/table/0602.png,model/table/IKEA_GRANAS/model.obj,0.5923847659074428,0.9454635308576903,1.0,6.958,17706.2,True,
366,table,img/table/0514.jpg,mask/table/0514.png,model/table/IKEA_DOCKSTA/model.obj,0.8265473916191338,0.9946517657582895,1.0,7.134,17742.8,True,
367,table,img/table/0727.jpg,mask/table/0727.png,model/table/IKEA_INGATORP/model.obj,0.4966985696672351,0.5531373228936017,1.0,6.634,17458.5,True,
368,table,img/table/1046.jpg,mask/table/1046.png,model/table/IKEA_LACK_3/model.obj,0.7716515585912445,0.9786325269945743,1.0,7.092,17722.4,True,
369,table,img/table/1072.png,mask/table/1072.png,model/table/IKEA_LACK_3/model.obj,0.5563186913623389,0.9917068967436931,1.0,8.074,18000.2,True,
370,table,img/table/0875.jpg,mask/table/0875.png,model/table/IKEA_JOKKMOKK/model.obj,0.6433594082117384,0.7043632501490831,1.0,7.178,17628.5,True,
371,table,img/table/1250.jpg,mask/table/1250.png,model/table/IKEA_MUDDUS/model.obj,0.5526176810699742,0.724478168672207,1.0,6.648,17454.3,True,
372,table,img/table/0849.jpg,mask/table/0849.png,model/table/IKEA_ISALA_2/model.obj,0.4396274831395665,0.8674999508711868,1.0,7.085,17717.8,True,
373,table,img/table/1029.jpg,mask/table/1029.png,model/table/IKEA_LACK_3/model.obj,0.6336966303341592,0.9885591640134042,1.0,6.817,17623.5,True,
374,table,img/table/1690.jpg,mask/table/1690.png,model/table/IKEA_UTBY_1/model.obj,0.47681448647186087,0.9839227408012419,1.0,6.797,17558.9,True,
375,table,img/table/1652.jpg,mask/table/1652.png,model/table/IKEA_TORSBY_2/model.obj,0.6648081106344346,0.727133959585978,1.0,6.811,17466.3,True,
376,table,img/table/0995.jpg,mask/table/0995.png,model/table/IKEA_KLUBBO_5/model.obj,0.9208394398935095,0.9563376441941578,1.0,8.628,18112.1,True,
377,table,img/table/0182.jpg,mask/table/0182.png,model/table/IKEA_BJORKUDDEN_3/model.obj,0.5672631866078993,0.6304721925187213,1.0,6.634,17474.0,True,
378,table,img/table/0420.jpg,mask/table/0420.png,model/table/IKEA_DOCKSTA/model.obj,0.7000829666949622,0.9987285497380547,1.0,6.988,17623.0,True,
379,table,img/table/1481.jpg,mask/table/1481.png,model/table/IKEA_RAST/model.obj,0.4233423360586362,0.7624854581314383,1.0,6.688,17432.3,True,
380,table,img/table/1057.jpg,mask/table/1057.png,model/table/IKEA_LACK_3/model.obj,0.55820607720999,0.9818934759607496,1.0,7.251,17722.7,True,
381,table,img/table/0146.jpg,mask/table/0146.png,model/table/IKEA_BJORKUDDEN_3/model.obj,0.6549088692035535,0.7100433058638413,1.0,6.747,17582.4,True,
382,table,img/table/0016.png,mask/table/0016.png,model/table/IKEA_LACK_3/model.obj,0.739540057746361,0.9267430833047707,1.0,7.306,17736.4,True,
383,table,img/table/1219.jpg,mask/table/1219.png,model/table/IKEA_MALM_3/model.obj,0.6168312923425082,0.7535112683777269,1.0,6.836,17632.3,True,
384,table,img/table/0640.jpg,mask/table/0640.png,model/table/IKEA_HEMNES_3/model.obj,0.285232743950258,0.532449861553566,1.0,6.839,17668.9,True,
385,table,img/table/1025.jpg,mask/table/1025.png,model/table/IKEA_LACK_3/model.obj,0.6184844898096596,0.9911601940775667,1.0,7.7,17850.8,True,
386,table,img/table/0744.jpg,mask/table/0744.png,model/table/IKEA_INGO_1/model.obj,0.5500424411749062,0.6782320178425674,1.0,7.086,17473.8,True,
387,table,img/table/1524.jpg,mask/table/1524.png,model/table/IKEA_SALMI/model.obj,0.620229253605823,0.9938983952404987,1.0,6.808,17582.3,True,
388,table,img/table/1493.jpg,mask/table/1493.png,model/table/IKEA_RAST/model.obj,0.5482140786352209,0.7834431712322314,1.0,7.204,17693.0,True,
389,table,img/table/0568.jpg,mask/table/0568.png,model/table/IKEA_FUSION/model.obj,0.8188392089399926,0.9991504653488993,1.0,7.15,17815.8,True,
390,table,img/table/0286.jpg,mask/table/0286.png,model/table/IKEA_DOCKSTA/model.obj,0.7098222709540325,0.9963770244051949,1.0,6.561,17469.7,True,
391,table,img/table/0703.jpg,mask/table/0703.png,model/table/IKEA_INGATORP/model.obj,0.4952462349010234,0.5514748089049545,1.0,6.541,17401.3,True,
392,table,img/table/1866.jpg,mask/table/1866.png,model/table/IKEA_VITTSJO_2/model.obj,0.4318599613910735,0.8087108374153562,1.0,6.869,17456.6,True,
393,table,img/table/0115.jpg,mask/table/0115.png,model/table/IKEA_BJORKUDDEN_1/model.obj,0.6766156410835694,0.7684257964748082,1.0,6.839,17549.9,True,
394,bed,img/bed/0760.jpg,mask/bed/0760.png,model/bed/IKEA_MALM_2/model.obj,0.4022010050571878,0.811310775152603,1.0,6.665,17504.8,True,
395,bed,img/bed/0246.jpg,mask/bed/0246.png,model/bed/IKEA_FJELLSE_1/model.obj,0.4387750804715737,0.9881603239317378,1.0,7.383,17820.6,True,
396,bed,img/bed/0851.jpg,mask/bed/0851.png,model/bed/IKEA_MANDAL_1/model.obj,0.24657058885180888,0.9648085983521681,1.0,6.967,17659.8,True,
397,bed,img/bed/0212.jpg,mask/bed/0212.png,model/bed/IKEA_FJELLSE_1/model.obj,0.46742785939227205,0.9036278056116265,1.0,6.763,17519.3,True,
398,bed,img/bed/0059.jpg,mask/bed/0059.png,model/bed/IKEA_BEDDINGE/model.obj,0.3474797011334356,0.5444551446488481,1.0,6.751,17554.6,True,
399,bed,img/bed/0612.jpg,mask/bed/0612.png,model/bed/IKEA_LEIRVIK/model.obj,0.7222179978228086,0.7535159953129683,1.0,7.97,17984.2,True,
400,bed,img/bed/0750.png,mask/bed/0750.png,model/bed/IKEA_MALM_1/model.obj,0.45602805634613747,0.7106564940474471,1.0,6.788,17563.2,True,
401,bed,img/bed/0057.jpg,mask/bed/0057.png,model/bed/IKEA_BEDDINGE/model.obj,0.4205386284975232,0.587994036001905,1.0,6.792,17533.2,True,
402,bed,img/bed/0741.jpg,mask/bed/0741.png,model/bed/IKEA_MALM_1/model.obj,0.4081621372085533,0.5923192939157265,1.0,6.733,17487.4,True,
403,bed,img/bed/0368.jpg,mask/bed/0368.png,model/bed/IKEA_HEMNES_2/model.obj,0.6244115913529901,0.9958351315560382,1.0,9.248,18288.2,True,
404,bed,img/bed/0460.jpg,mask/bed/0460.png,model/bed/IKEA_HEMNES_3/model.obj,0.44638954489946975,0.494360882342475,1.0,6.844,17424.5,True,
405,bed,img/bed/0159.jpg,mask/bed/0159.png,model/bed/IKEA_BRIMNES_1/model.obj,0.6245520569316348,0.8901433060238592,1.0,8.234,17991.7,True,
406,bed,img/bed/0730.png,mask/bed/0730.png,model/bed/IKEA_LILLESAND/model.obj,0.5969481251716856,0.8327971615925455,1.0,7.272,17828.2,True,
407,bed,img/bed/0816.jpg,mask/bed/0816.png,model/bed/IKEA_MALM_3/model.obj,0.40811628732561966,0.9640129635569844,1.0,7.129,17739.0,True,
408,bed,img/bed/0257.jpg,mask/bed/0257.png,model/bed/IKEA_FJELLSE_2/model.obj,0.4933018986057415,0.5889944069812807,1.0,6.796,17467.8,True,
409,bed,img/bed/0430.jpg,mask/bed/0430.png,model/bed/IKEA_HEMNES_3/model.obj,0.5088628849769374,0.5177999313115511,1.0,7.011,17451.3,True,
410,bed,img/bed/0268.jpg,mask/bed/0268.png,model/bed/IKEA_FJELLSE_2/model.obj,0.5085807698873224,0.5880266357814928,1.0,7.379,17709.8,True,
411,bed,img/bed/0294.jpg,mask/bed/0294.png,model/bed/IKEA_FJELLSE_2/model.obj,0.65516995101373,0.7677744746980919,1.0,6.734,17550.5,True,
412,bed,img/bed/0823.jpg,mask/bed/0823.png,model/bed/IKEA_MALM_4/model.obj,0.366992531424076,0.9908727402040781,1.0,7.161,17727.6,True,
413,bed,img/bed/0039.png,mask/bed/0039.png,model/bed/IKEA_MALM_3/model.obj,0.40318646246645495,0.8571908325175045,1.0,6.835,17590.6,True,
414,bed,img/bed/0298.jpg,mask/bed/0298.png,model/bed/IKEA_FJELLSE_2/model.obj,0.5601143507601092,0.6700845763996114,1.0,6.604,17369.9,True,
415,bed,img/bed/0688.jpg,mask/bed/0688.png,model/bed/IKEA_LILLESAND/model.obj,0.6414172538958377,0.764006757587561,1.0,7.147,17785.3,True,
416,bed,img/bed/0822.jpg,mask/bed/0822.png,model/bed/IKEA_MALM_4/model.obj,0.4167992971242776,0.745350157926752,1.0,7.029,17558.0,True,
417,bed,img/bed/0454.jpg,mask/bed/0454.png,model/bed/IKEA_HEMNES_3/model.obj,0.5495116007829446,0.6414189272301144,1.0,7.465,17863.1,True,
418,bed,img/bed/0491.jpg,mask/bed/0491.png,model/bed/IKEA_LEIRVIK/model.obj,0.6902758685714834,0.8414067453945269,1.0,8.106,18013.4,True,
419,bed,img/bed/0262.jpg,mask/bed/0262.png,model/bed/IKEA_FJELLSE_2/model.obj,0.503574161603239,0.6044595140753937,1.0,7.122,17705.2,True,
420,bed,img/bed/0173.jpg,mask/bed/0173.png,model/bed/IKEA_BRIMNES_1/model.obj,0.5572913193133302,0.7582684842294353,1.0,7.987,17979.7,True,
421,bed,img/bed/0782.jpg,mask/bed/0782.png,model/bed/IKEA_MALM_2/model.obj,0.41338861495754337,0.7835276667932324,1.0,7.425,17789.7,True,
422,bed,img/bed/0056.jpg,mask/bed/0056.png,model/bed/IKEA_BEDDINGE/model.obj,0.3762510361097457,0.5686482802966891,1.0,6.842,17524.8,True,
423,bed,img/bed/0901.jpg,mask/bed/0901.png,model/bed/IKEA_NORDLI/model.obj,0.4304735281459479,0.8282240974867555,1.0,7.235,17753.1,True,
424,bed,img/bed/0395.jpg,mask/bed/0395.png,model/bed/IKEA_HEMNES_2/model.obj,0.6243609214500073,0.7817674447609168,1.0,6.933,17661.6,True,
425,bed,img/bed/0347.jpg,mask/bed/0347.png,model/bed/IKEA_HEMNES_2/model.obj,0.6083712538105044,0.9007087514260943,1.0,7.08,17786.4,True,
426,bed,img/bed/0887.jpg,mask/bed/0887.png,model/bed/IKEA_NORDLI/model.obj,0.446424092082403,0.7678854132284763,1.0,6.916,17498.2,True,
427,bed,img/bed/0723.jpg,mask/bed/0723.png,model/bed/IKEA_LILLESAND/model.obj,0.6459603111719284,0.8321703734403927,1.0,8.628,18090.4,True,
428,bed,img/bed/0606.jpg,mask/bed/0606.png,model/bed/IKEA_LEIRVIK/model.obj,0.7353054645022212,0.9695234180704071,1.0,8.139,18004.0,True,
429,bed,img/bed/0409.jpg,mask/bed/0409.png,model/bed/IKEA_HEMNES_3/model.obj,0.43778462548710256,0.500100715123199,1.0,6.748,17445.6,True,
430,bed,img/bed/0397.jpg,mask/bed/0397.png,model/bed/IKEA_HEMNES_3/model.obj,0.5025525971926688,0.5427106211598717,1.0,6.637,17490.4,True,
431,bed,img/bed/0038.png,mask/bed/0038.png,model/bed/IKEA_MALM_4/model.obj,0.3581359889886461,0.9313744025747303,1.0,6.626,17478.3,True,
432,desk,img/desk/0536.jpg,mask/desk/0536.png,model/desk/IKEA_MICKE_2/model.obj,0.40453571587533393,0.9068227158838529,1.0,7.94,17940.3,True,
433,desk,img/desk/0174.jpg,mask/desk/0174.png,model/desk/IKEA_GALANT_2/model.obj,0.5066191498371929,0.553369265371955,1.0,6.799,17400.6,True,
434,desk,img/desk/0316.jpg,mask/desk/0316.png,model/desk/IKEA_LEKSVIK/model.obj,0.5237151785001382,0.6179730138257482,1.0,6.903,17609.1,True,
435,desk,img/desk/0265.jpg,mask/desk/0265.png,model/desk/IKEA_LAIVA/model.obj,0.8170612071713671,0.9017631720114211,1.0,7.896,17892.6,True,
436,desk,img/desk/0229.jpg,mask/desk/0229.png,model/desk/IKEA_HEMNES/model.obj,0.5914179333379657,0.6602386065447733,1.0,7.058,17734.2,True,
437,desk,img/desk/0074.jpg,mask/desk/0074.png,model/desk/IKEA_BESTA_2/model.obj,0.3619336087057692,0.4620913205629093,1.0,7.029,17334.3,True,
438,desk,img/desk/0629.jpg,mask/desk/0629.png,model/desk/IKEA_VITTSJO/model.obj,0.47760781631150984,0.9448498175929281,1.0,6.867,17422.3,True,
439,desk,img/desk/0280.jpg,mask/desk/0280.png,model/desk/IKEA_LAIVA/model.obj,0.6307873149397489,0.9756686426428024,1.0,9.344,18284.8,True,
440,desk,img/desk/0518.jpg,mask/desk/0518.png,model/desk/IKEA_MICKE_1/model.obj,0.4016519516394139,0.6746661303045379,1.0,7.075,17634.1,True,
441,desk,img/desk/0417.jpg,mask/desk/0417.png,model/desk/IKEA_MALM/model.obj,0.5197286657342268,0.6388642933555791,1.0,6.756,17611.4,True,
442,desk,img/desk/0548.jpg,mask/desk/0548.png,model/desk/IKEA_MICKE_2/model.obj,0.5354279647309419,0.9153693832900457,1.0,8.169,18008.2,True,
443,desk,img/desk/0432.jpg,mask/desk/0432.png,model/desk/IKEA_MALM/model.obj,0.4246269445018345,0.5576471457233204,1.0,7.11,17802.7,True,
444,desk,img/desk/0266.jpg,mask/desk/0266.png,model/desk/IKEA_LAIVA/model.obj,0.6978354395772146,0.9492725297912886,1.0,8.067,18015.2,True,
445,desk,img/desk/0034.jpg,mask/desk/0034.png,model/desk/IKEA_BESTA_2/model.obj,0.3746480452764809,0.6708834617070798,1.0,6.96,17593.1,True,
446,desk,img/desk/0123.jpg,mask/desk/0123.png,model/desk/IKEA_FREDRIK/model.obj,0.5644599118682768,0.6467225077856331,1.0,6.794,17411.5,True,
447,desk,img/desk/0218.jpg,mask/desk/0218.png,model/desk/IKEA_HEMNES/model.obj,0.46379832448360747,0.5119793933945198,1.0,7.266,17802.8,True,
448,desk,img/desk/0166.jpg,mask/desk/0166.png,model/desk/IKEA_GALANT_1/model.obj,0.46648151784134023,0.5317065382758981,1.0,6.813,17488.7,True,
449,desk,img/desk/0468.jpeg,mask/desk/0468.png,model/desk/IKEA_MALM/model.obj,0.6647301055329309,0.6855383012613573,1.0,6.711,17637.7,True,
450,desk,img/desk/0222.jpg,mask/desk/0222.png,model/desk/IKEA_HEMNES/model.obj,0.4742994918718312,0.5611898109240132,1.0,7.105,17640.4,True,
451,desk,img/desk/0043.jpg,mask/desk/0043.png,model/desk/IKEA_BESTA_2/model.obj,0.2611974365781628,0.4098014941728316,1.0,6.701,17331.0,True,
452,desk,img/desk/0115.jpg,mask/desk/0115.png,model/desk/IKEA_EXPEDIT_1/model.obj,0.35185204098601486,0.7807796322733128,1.0,7.751,17913.2,True,
453,desk,img/desk/0481.jpg,mask/desk/0481.png,model/desk/IKEA_MICKE_1/model.obj,0.41446638709637884,0.6281719518937161,1.0,6.993,17512.5,True,
454,desk,img/desk/0346.jpg,mask/desk/0346.png,model/desk/IKEA_LIATORP/model.obj,0.527704810022498,0.6328272417336611,1.0,7.467,17822.8,True,
455,desk,img/desk/0276.jpg,mask/desk/0276.png,model/desk/IKEA_LAIVA/model.obj,0.7945283346230707,0.8437883302084536,1.0,6.942,17725.3,True,
456,desk,img/desk/0592.jpg,mask/desk/0592.png,model/desk/IKEA_MICKE_2/model.obj,0.42524866346794493,0.8816930627417139,1.0,7.206,17767.9,True,
457,desk,img/desk/0646.jpg,mask/desk/0646.png,model/desk/IKEA_VITTSJO/model.obj,0.42047699132974353,0.7819753284596794,1.0,6.96,17475.2,True,
458,desk,img/desk/0256.jpg,mask/desk/0256.png,model/desk/IKEA_LAIVA/model.obj,0.6666944021270963,0.9458459190714471,1.0,8.217,17996.5,True,
459,desk,img/desk/0347.jpg,mask/desk/0347.png,model/desk/IKEA_LIATORP/model.obj,0.4686393759394969,0.535789389465768,1.0,8.126,18020.9,True,
460,desk,img/desk/0488.jpg,mask/desk/0488.png,model/desk/IKEA_MICKE_1/model.obj,0.3804598110171756,0.5593599263487288,1.0,6.312,17436.6,True,
461,desk,img/desk/0419.jpg,mask/desk/0419.png,model/desk/IKEA_MALM/model.obj,0.4146932533835055,0.5912685278148405,1.0,6.703,17550.0,True,
462,bookcase,img/bookcase/0036.jpg,mask/bookcase/0036.png,model/bookcase/IKEA_BILLY_3/model.obj,0.2527650192308156,0.4314571066098307,1.0,6.578,17316.0,True,
463,bookcase,img/bookcase/0145.jpg,mask/bookcase/0145.png,model/bookcase/IKEA_EXPEDIT_3/model.obj,0.12812872387455396,0.9739371549451811,1.0,7.049,17684.2,True,
464,bookcase,img/bookcase/0223.jpg,mask/bookcase/0223.png,model/bookcase/IKEA_KILBY_1/model.obj,0.17998792568738065,0.3719529430294679,1.0,7.147,17334.3,True,
465,bookcase,img/bookcase/0068.jpg,mask/bookcase/0068.png,model/bookcase/IKEA_EXPEDIT_1/model.obj,0.09332314110175616,0.9199755139592319,1.0,7.233,17621.5,True,
466,bookcase,img/bookcase/0098.jpg,mask/bookcase/0098.png,model/bookcase/IKEA_EXPEDIT_2/model.obj,0.3548548445923802,0.9720991754501934,1.0,8.784,18138.9,True,
467,bookcase,img/bookcase/0016.jpg,mask/bookcase/0016.png,model/bookcase/IKEA_BILLY_1/model.obj,0.1240409924386587,0.4353258218618453,1.0,6.53,17302.0,True,
468,bookcase,img/bookcase/0267.jpg,mask/bookcase/0267.png,model/bookcase/IKEA_LACK_3/model.obj,0.1325926058349899,0.2321148938358398,1.0,6.227,17261.1,True,
469,bookcase,img/bookcase/0169.jpg,mask/bookcase/0169.png,model/bookcase/IKEA_HEMNES/model.obj,0.1734044105077288,0.5051632268309527,1.0,6.655,17366.3,True,
470,bookcase,img/bookcase/0001.jpg,mask/bookcase/0001.png,model/bookcase/IKEA_BESTA/model.obj,0.36058433380958993,0.47448409224104554,1.0,6.389,17381.6,True,
471,bookcase,img/bookcase/0201.jpg,mask/bookcase/0201.png,model/bookcase/IKEA_HEMNES/model.obj,0.1552765911373524,0.4922670958077984,1.0,6.651,17359.0,True,
472,bookcase,img/bookcase/0306.jpg,mask/bookcase/0306.png,model/bookcase/IKEA_LAIVA/model.obj,0.13971264756353963,0.3675873635438305,1.0,6.635,17392.4,True,
473,bookcase,img/bookcase/0206.jpg,mask/bookcase/0206.png,model/bookcase/IKEA_HEMNES/model.obj,0.2389592200725551,0.4779854745196918,1.0,6.853,17374.9,True,
474,bookcase,img/bookcase/0260.jpg,mask/bookcase/0260.png,model/bookcase/IKEA_LACK_3/model.obj,0.1236573109889049,0.19593568903443057,1.0,6.655,17309.4,True,
475,bookcase,img/bookcase/0273.jpg,mask/bookcase/0273.png,model/bookcase/IKEA_LACK_3/model.obj,0.1477237086237631,0.192374182404683,1.0,6.589,17327.5,True,
476,bookcase,img/bookcase/0283.jpg,mask/bookcase/0283.png,model/bookcase/IKEA_LACK_3/model.obj,0.13461186680474213,0.21102317724773215,1.0,6.808,17298.4,True,
477,bookcase,img/bookcase/0282.jpg,mask/bookcase/0282.png,model/bookcase/IKEA_LACK_3/model.obj,0.147068574094543,0.20701381963937845,1.0,6.675,17397.8,True,
478,wardrobe,img/wardrobe/0229.jpg,mask/wardrobe/0229.png,model/wardrobe/IKEA_ODDA_1/model.obj,0.2893741925332577,0.2918867308199708,1.0,6.513,17340.2,True,
479,wardrobe,img/wardrobe/0060.jpg,mask/wardrobe/0060.png,model/wardrobe/IKEA_ANEBODA_1/model.obj,0.24255508237962958,0.44692770042359775,1.0,6.666,17399.8,True,
480,wardrobe,img/wardrobe/0123.jpg,mask/wardrobe/0123.png,model/wardrobe/IKEA_DOMBAS/model.obj,0.24651264591579847,0.7508482696497338,1.0,6.704,17422.4,True,
481,wardrobe,img/wardrobe/0143.jpg,mask/wardrobe/0143.png,model/wardrobe/IKEA_DOMBAS/model.obj,0.27428490355407315,0.840030819127002,1.0,6.629,17498.5,True,
482,wardrobe,img/wardrobe/0022.jpg,mask/wardrobe/0022.png,model/wardrobe/IKEA_ANEBODA_1/model.obj,0.3136963310811195,0.46442712427221783,1.0,6.541,17419.4,True,
483,wardrobe,img/wardrobe/0228.jpg,mask/wardrobe/0228.png,model/wardrobe/IKEA_ODDA_1/model.obj,0.16343863153063237,0.3169766430583899,1.0,6.543,17342.2,True,
484,wardrobe,img/wardrobe/0111.jpg,mask/wardrobe/0111.png,model/wardrobe/IKEA_DOMBAS/model.obj,0.35430743800310804,0.7549040677690948,1.0,6.515,17541.9,True,
485,wardrobe,img/wardrobe/0211.jpg,mask/wardrobe/0211.png,model/wardrobe/IKEA_HEMNES/model.obj,0.273937897226949,0.812916940548716,1.0,6.631,17502.2,True,
486,wardrobe,img/wardrobe/0105.jpg,mask/wardrobe/0105.png,model/wardrobe/IKEA_ANEBODA_2/model.obj,0.3264589568356426,0.4818423124876069,1.0,6.585,17453.4,True,
487,wardrobe,img/wardrobe/0227.jpg,mask/wardrobe/0227.png,model/wardrobe/IKEA_HEMNES/model.obj,0.28017042263431274,0.7543537034050151,1.0,6.682,17490.9,True,
488,wardrobe,img/wardrobe/0038.jpg,mask/wardrobe/0038.png,model/wardrobe/IKEA_ANEBODA_1/model.obj,0.23544346541412087,0.45270271164370013,1.0,6.826,17398.8,True,
489,wardrobe,img/wardrobe/0242.jpg,mask/wardrobe/0242.png,model/wardrobe/IKEA_ANEBODA_1/model.obj,0.34008494741625617,0.46539461272457106,1.0,6.52,17415.1,True,
490,wardrobe,img/wardrobe/0101.jpg,mask/wardrobe/0101.png,model/wardrobe/IKEA_ANEBODA_2/model.obj,0.23505433962597505,0.4516552717497731,1.0,6.534,17381.6,True,
491,misc,img/misc/0035.jpg,mask/misc/0035.png,model/misc/SS_06/model.obj,0.0860254691132234,0.7062693748400276,1.0,7.586,17538.8,True,
492,misc,img/misc/0022.jpg,mask/misc/0022.png,model/misc/SS_04/model.obj,0.39795602066723706,0.9666454950678468,1.0,8.277,17819.1,True,
493,misc,img/misc/0046.jpg,mask/misc/0046.png,model/misc/SS_09/model.obj,0.7998326499209315,0.8323036847068024,1.0,7.649,17809.3,True,
494,misc,img/misc/0029.jpg,mask/misc/0029.png,model/misc/SS_05/model.obj,0.31590568373131117,0.3207249603781207,1.0,7.781,17496.9,True,
495,misc,img/misc/0023.jpg,mask/misc/0023.png,model/misc/SS_04/model.obj,0.3645346587345334,0.865068139151038,1.0,8.568,17716.9,True,
496,tool,img/tool/0027.jpg,mask/tool/0027.png,model/tool/SS_6/model.obj,0.1620759642476546,0.23091412759726507,1.0,7.753,17460.8,True,
497,tool,img/tool/0046.jpg,mask/tool/0046.png,model/tool/SS_8/model.obj,0.17843878462122406,0.6160056607894546,1.0,7.473,17513.3,True,
498,tool,img/tool/0020.jpg,mask/tool/0020.png,model/tool/SS_3/model.obj,0.09834253492887346,0.23565627699244113,1.0,7.606,17475.4,True,
499,tool,img/tool/0037.jpg,mask/tool/0037.png,model/tool/SS_6/model.obj,0.0733527877337235,0.17300466718614813,1.0,7.677,17465.5,True,
