sample_id,category,img_path,model_path,dim_small,dim_mid,dim_large,latency_seconds,vram_peak_mb,success,error
0,chair,img/chair/3194.jpg,model/chair/IKEA_SIGURD/model.obj,0.5869582702454211,0.7702900494380926,1.0,48.81,17731.0,True,
1,chair,img/chair/0533.jpg,model/chair/SS_069/model.obj,0.5572172012202734,0.6250734077399394,1.0,53.546,18044.8,True,
2,chair,img/chair/0171.jpg,model/chair/SS_008/model.obj,0.6187448727876936,0.631235183846227,1.0,62.649,18235.0,True,
3,chair,img/chair/3815.jpg,model/chair/IKEA_VILMAR_2/model.obj,0.5096687664947992,0.6473672954541846,1.0,45.77,17516.6,True,
4,chair,img/chair/1257.jpg,model/chair/SS_149/model.obj,0.5959756253280648,0.9361385736568224,1.0,50.716,17729.6,True,
5,chair,img/chair/1130.jpg,model/chair/SS_137/model.obj,0.6028275759999205,0.7107779681267172,1.0,49.791,17830.5,True,
6,chair,img/chair/1037.jpg,model/chair/SS_126/model.obj,0.5124645471489847,0.6699632704168547,1.0,49.437,17920.9,True,
7,chair,img/chair/0658.jpg,model/chair/SS_086/model.obj,0.6684789185119686,0.7916325670884914,1.0,54.739,17871.0,True,
8,chair,img/chair/3793.jpg,model/chair/IKEA_VILMAR_2/model.obj,0.5218423251693459,0.6691519290787596,1.0,47.119,17484.4,True,
9,chair,img/chair/0493.jpg,model/chair/SS_061/model.obj,0.6111891842180398,0.6421790126317509,1.0,74.985,18857.1,True,
10,chair,img/chair/3393.jpg,model/chair/IKEA_STEFAN/model.obj,0.49986746490089684,0.7157090166856468,1.0,47.055,17691.3,True,
11,chair,img/chair/3811.jpg,model/chair/IKEA_VILMAR_2/model.obj,0.48818426983227775,0.6155223262182569,1.0,47.157,17516.7,True,
12,chair,img/chair/2685.jpg,model/chair/IKEA_MARKUS/model_-0.115145579663_-0.050547346245.obj,0.5297140767458944,0.6405177307880331,1.0,59.493,18035.4,True,
13,chair,img/chair/0430.jpg,model/chair/SS_046/model.obj,0.5332894790774653,0.651207334643516,1.0,62.583,18260.4,True,
14,chair,img/chair/2929.jpg,model/chair/IKEA_POANG_2/model.obj,0.6402675982182178,0.7411388884155221,1.0,62.193,18263.4,True,
15,chair,img/chair/2009.jpg,model/chair/IKEA_INGOLF/model.obj,0.4739448121229494,0.5306509909174236,1.0,47.259,17595.9,True,
16,chair,img/chair/0199.jpg,model/chair/SS_011/model.obj,0.5676410298984617,0.6953353395142816,1.0,50.745,17706.8,True,
17,chair,img/chair/0191.jpg,model/chair/SS_010/model.obj,0.5098000495690569,0.6961111534383704,1.0,52.324,17723.7,True,
18,chair,img/chair/0457.jpg,model/chair/SS_054/model.obj,0.5235137018422198,0.5977724489339488,1.0,61.234,18226.4,True,
19,chair,img/chair/1017.jpg,model/chair/SS_124/model.obj,0.5378679407781912,0.6619116756007123,1.0,50.874,18167.1,True,
20,chair,img/chair/1077.jpg,model/chair/SS_130/model.obj,0.4087158522685427,0.5672529133576212,1.0,47.6,17743.5,True,
21,chair,img/chair/2483.jpg,model/chair/IKEA_KLAPPSTA_2/model.obj,0.8532975039059226,0.8681726705406179,1.0,46.667,17752.4,True,
22,chair,img/chair/2992.jpg,model/chair/IKEA_POANG_2/model.obj,0.593589530908149,0.7307229150911984,1.0,73.448,18798.8,True,
23,chair,img/chair/0177.jpg,model/chair/SS_008/model.obj,0.5845357570518509,0.5982990119969165,1.0,58.444,18098.0,True,
24,chair,img/chair/2763.jpg,model/chair/IKEA_PATRIK/model_0.218465510842_-0.0787120753573.obj,0.7436231950858687,0.7708458209608189,1.0,63.773,18411.6,True,
25,chair,img/chair/0927.jpg,model/chair/SS_112/model.obj,0.6639525940896163,0.8710252862956157,1.0,50.565,18031.0,True,
26,chair,img/chair/3682.jpg,model/chair/IKEA_URBAN/model.obj,0.5907492851970236,0.6483407529074193,1.0,53.249,17608.1,True,
27,chair,img/chair/3252.jpg,model/chair/IKEA_SNILLE_1/model_0.885091505154_-0.0157731206494.obj,0.630963328634896,0.6424198592408346,1.0,53.077,17644.1,True,
28,chair,img/chair/3562.jpg,model/chair/IKEA_TOBIAS/model.obj,0.5310398680637366,0.7537615620484217,1.0,48.684,17573.1,True,
29,chair,img/chair/2682.jpg,model/chair/IKEA_MARKUS/model_-0.656766089778_-0.0322199574009.obj,0.45176448108881206,0.4809634437451248,1.0,49.679,17651.6,True,
30,chair,img/chair/1994.jpg,model/chair/IKEA_INGOLF/model.obj,0.45694514207696346,0.6256094266895004,1.0,50.076,17745.5,True,
31,chair,img/chair/1024.jpg,model/chair/SS_126/model.obj,0.5038710304137237,0.6684719467413233,1.0,48.536,17878.6,True,
32,chair,img/chair/2195.jpg,model/chair/IKEA_JOKKMOKK/model.obj,0.7095765231566016,0.7141927577750868,1.0,46.229,17601.6,True,
33,chair,img/chair/2920.jpg,model/chair/IKEA_POANG_2/model.obj,0.6319307957907165,0.7921465406116228,1.0,67.473,18365.5,True,
34,chair,img/chair/1272.jpg,model/chair/SS_151/model.obj,0.5095221945624131,0.6396089615430904,1.0,50.816,17793.2,True,
35,chair,img/chair/0053.png,model/chair/IKEA_POANG_1/model.obj,0.5983458343331403,0.983501872298374,1.0,58.074,18092.2,True,
36,chair,img/chair/0745.jpg,model/chair/SS_092/model.obj,0.3646629190677857,0.5208224518256604,1.0,49.555,17763.1,True,
37,chair,img/chair/3540.jpg,model/chair/IKEA_TOBIAS/model.obj,0.5651139294747247,0.6567957369113698,1.0,48.156,17607.5,True,
38,chair,img/chair/2014.jpg,model/chair/IKEA_INGOLF/model.obj,0.5937803268618094,0.6562418474706194,1.0,49.854,17730.8,True,
39,chair,img/chair/1534.jpg,model/chair/SS_186/model.obj,0.4883430722254014,0.5180954337697987,1.0,61.151,18501.4,True,
40,chair,img/chair/1271.jpg,model/chair/SS_151/model.obj,0.5179538616660601,0.6072724797817138,1.0,53.771,17882.8,True,
41,chair,img/chair/0726.jpg,model/chair/SS_091/model.obj,0.5808671609093344,0.6597969393886163,1.0,53.583,17953.1,True,
42,chair,img/chair/1000.jpg,model/chair/SS_123/model.obj,0.535936333570757,0.6875465193332374,1.0,47.195,17834.4,True,
43,chair,img/chair/1518.jpg,model/chair/SS_184/model.obj,0.5261071614161874,0.704822595305526,1.0,50.506,17923.5,True,
44,chair,img/chair/0492.jpg,model/chair/SS_061/model.obj,0.6260597934914782,0.6719430569122106,1.0,66.02,18391.9,True,
45,chair,img/chair/0453.jpg,model/chair/SS_053/model.obj,0.5347826802780938,0.6005595723522887,1.0,55.2,17909.1,True,
46,chair,img/chair/1772.jpg,model/chair/IKEA_EKENAS/model.obj,0.7312798045481999,0.9038412428217647,1.0,70.55,18908.0,True,
47,chair,img/chair/0470.jpg,model/chair/SS_056/model.obj,0.5970876282436917,0.603228368133753,1.0,60.663,18203.2,True,
48,chair,img/chair/1637.jpg,model/chair/IKEA_BORJE/model.obj,0.34938399760634753,0.48045222241141666,1.0,46.074,17450.0,True,
49,chair,img/chair/1549.jpg,model/chair/IKEA_BERNHARD/model.obj,0.6390018955449666,0.6421129353423657,1.0,52.149,17788.5,True,
50,chair,img/chair/3003.jpg,model/chair/IKEA_POANG_2/model.obj,0.6692861995819683,0.7169360608299268,1.0,57.587,18143.8,True,
51,chair,img/chair/1210.jpg,model/chair/SS_143/model.obj,0.6135733988966041,0.7814712707529075,1.0,66.103,18375.3,True,
52,chair,img/chair/0248.jpg,model/chair/SS_017/model.obj,0.5093822798310751,0.6702322028967167,1.0,52.048,17730.0,True,
53,chair,img/chair/3756.jpg,model/chair/IKEA_VILMAR_2/model.obj,0.6182756508313224,0.7394285008372895,1.0,46.638,17474.3,True,
54,chair,img/chair/2253.jpg,model/chair/IKEA_JULES_1/model_-0.36883592487_0.00134479885297.obj,0.5324268427973963,0.563500932973177,1.0,49.875,17494.8,True,
55,chair,img/chair/2638.jpg,model/chair/IKEA_MARKUS/model_-0.444581584272_-0.0497236805635.obj,0.44481912523063727,0.46605187610973453,1.0,49.943,17608.3,True,
56,chair,img/chair/0592.jpg,model/chair/SS_076/model.obj,0.5000512657404319,0.7374716552298032,1.0,52.492,17967.1,True,
57,chair,img/chair/1764.jpg,model/chair/IKEA_EKENAS/model.obj,0.7821505828401896,0.8390553011804868,1.0,100.444,19118.8,True,
58,chair,img/chair/0395.jpg,model/chair/SS_039/model.obj,0.5176177768109895,0.6665562941065609,1.0,53.468,17937.2,True,
59,chair,img/chair/2718.jpg,model/chair/IKEA_NILS/model.obj,0.7116784075525509,0.8254638159428751,1.0,53.916,18304.4,True,
60,chair,img/chair/1335.jpg,model/chair/SS_159/model.obj,0.6766449401474584,0.7616737120104485,1.0,80.419,18693.4,True,
61,chair,img/chair/3136.jpg,model/chair/IKEA_REIDAR/model.obj,0.5014553433301713,0.6754514130263827,1.0,58.523,17558.7,True,
62,chair,img/chair/3081.jpg,model/chair/IKEA_PREBEN/model.obj,0.4602467485352561,0.6352677714722849,1.0,46.459,17664.4,True,
63,chair,img/chair/1658.jpg,model/chair/IKEA_BORJE/model.obj,0.5951149848218122,0.5995783680387509,1.0,46.085,17528.8,True,
64,chair,img/chair/2854.jpg,model/chair/IKEA_POANG_2/model.obj,0.6435527023125993,0.731044331635449,1.0,60.574,18303.0,True,
65,chair,img/chair/0896.jpg,model/chair/SS_109/model.obj,0.46129680596842176,0.5359481738060016,1.0,49.17,17769.9,True,
66,chair,img/chair/3588.jpg,model/chair/IKEA_TOBIAS/model.obj,0.5571092109160535,0.6894300405931524,1.0,48.14,17601.3,True,
67,chair,img/chair/0357.jpg,model/chair/SS_033/model.obj,0.6031685708441735,0.6454310254697331,1.0,64.482,18654.6,True,
68,chair,img/chair/0258.jpg,model/chair/SS_018/model.obj,0.6620019631444161,0.7204524516909357,1.0,58.926,18177.0,True,
69,chair,img/chair/3311.jpg,model/chair/IKEA_SNILLE_1/model_0.234139738566_-0.057290945811.obj,0.6176002156582224,0.6216544535175805,1.0,52.382,17783.1,True,
70,chair,img/chair/1058.jpg,model/chair/SS_128/model.obj,0.5823884644801328,0.8154618898934,1.0,53.25,17883.2,True,
71,chair,img/chair/1319.jpg,model/chair/SS_157/model.obj,0.5927769555318838,0.6813840426063903,1.0,55.346,18044.8,True,
72,chair,img/chair/0400.jpg,model/chair/SS_040/model.obj,0.5648056022574304,0.645149046285588,1.0,59.702,18296.0,True,
73,chair,img/chair/1078.jpg,model/chair/SS_130/model.obj,0.4280892719228693,0.6066245650043367,1.0,48.285,17859.8,True,
74,chair,img/chair/0487.jpg,model/chair/SS_060/model.obj,0.6005908646288759,0.6551747326533787,1.0,59.072,18226.1,True,
75,chair,img/chair/2229.jpg,model/chair/IKEA_JULES_1/model_0.23276401197_-0.0673071396119.obj,0.6525522999865343,0.6591850948252147,1.0,46.845,17504.6,True,
76,chair,img/chair/3174.jpg,model/chair/IKEA_SIGURD/model.obj,0.5674658168804486,0.6824313940863792,1.0,45.775,17624.1,True,
77,chair,img/chair/1675.jpg,model/chair/IKEA_BORJE/model.obj,0.5212613743974731,0.6228129657675582,1.0,44.947,17514.4,True,
78,chair,img/chair/0760.jpg,model/chair/SS_094/model.obj,0.5120332200160863,0.5761676920926195,1.0,49.975,17743.8,True,
79,chair,img/chair/1711.jpg,model/chair/IKEA_BORJE/model.obj,0.32895226723579196,0.4793218531320105,1.0,44.671,17485.8,True,
80,chair,img/chair/1619.jpg,model/chair/IKEA_BERNHARD/model.obj,0.5851895467123612,0.7386694042077699,1.0,51.277,17827.8,True,
81,chair,img/chair/0977.jpg,model/chair/SS_121/model.obj,0.6713420435594727,0.976477310617952,1.0,48.25,17873.8,True,
82,chair,img/chair/3357.jpg,model/chair/IKEA_SOLSTA_OLARP/model.obj,0.9125295386761635,0.9666121370922393,1.0,86.652,19334.6,True,
83,chair,img/chair/1221.jpg,model/chair/SS_144/model.obj,0.5174438538347189,0.6725787666377933,1.0,50.515,17943.6,True,
84,chair,img/chair/3567.jpg,model/chair/IKEA_TOBIAS/model.obj,0.5769193179173445,0.7421598934944189,1.0,48.393,17606.9,True,
85,chair,img/chair/3430.jpg,model/chair/IKEA_STEFAN/model.obj,0.4693755696111274,0.6554164970780192,1.0,46.732,17681.2,True,
86,chair,img/chair/3245.jpg,model/chair/IKEA_SNILLE_1/model_0.725428017558_0.0404594608338.obj,0.6738261594211888,0.6817760970252622,1.0,50.619,17690.1,True,
87,chair,img/chair/0365.jpg,model/chair/SS_034/model.obj,0.6154362583132585,0.6343656299547361,1.0,61.02,18420.1,True,
88,chair,img/chair/3031.jpg,model/chair/IKEA_POANG_2/model.obj,0.6360648430767998,0.7436107045402758,1.0,58.07,18300.0,True,
89,chair,img/chair/3171.jpg,model/chair/IKEA_SIGURD/model.obj,0.5426753667519404,0.6076281881400023,1.0,45.994,17617.2,True,
90,chair,img/chair/0796.jpg,model/chair/SS_097/model.obj,0.5018773286040242,0.5475761092386779,1.0,57.204,17968.0,True,
91,chair,img/chair/2626.jpg,model/chair/IKEA_MARKUS/model_0.1700827928_-0.0328753378382.obj,0.460895823485152,0.49321890556188613,1.0,50.171,17656.5,True,
92,chair,img/chair/3754.jpg,model/chair/IKEA_VILMAR_2/model.obj,0.5066765687372069,0.6125439411120391,1.0,46.128,17494.1,True,
93,chair,img/chair/1129.jpg,model/chair/SS_137/model.obj,0.5833229737209563,0.665155346984713,1.0,47.707,17789.8,True,
94,chair,img/chair/0763.jpg,model/chair/SS_095/model.obj,0.45882765273033455,0.49632884837496843,1.0,52.272,17672.2,True,
95,chair,img/chair/2268.jpg,model/chair/IKEA_JULES_1/model_0.31386851527_0.0150377958795.obj,0.5724171493730652,0.6415399613660424,1.0,49.456,17555.1,True,
96,chair,img/chair/1770.jpg,model/chair/IKEA_EKENAS/model.obj,0.7045309660891994,0.936895470358646,1.0,88.325,19095.9,True,
97,chair,img/chair/1234.jpg,model/chair/SS_146/model.obj,0.4363742767916204,0.6050069338357968,1.0,51.849,17681.6,True,
98,chair,img/chair/3198.jpg,model/chair/IKEA_SIGURD/model.obj,0.546716909731399,0.724656972852767,1.0,48.291,17736.6,True,
99,chair,img/chair/3469.png,model/chair/IKEA_STEFAN/model.obj,0.44193971439013713,0.5977485701502105,1.0,45.689,17563.0,True,
100,chair,img/chair/2744.jpg,model/chair/IKEA_NILS/model.obj,0.7433698784623874,0.775680646748197,1.0,54.51,18305.8,True,
101,chair,img/chair/1021.jpg,model/chair/SS_125/model.obj,0.7555182240415849,0.934092378808334,1.0,59.744,18245.3,True,
102,chair,img/chair/3440.jpg,model/chair/IKEA_STEFAN/model.obj,0.48992074776399397,0.666230644000307,1.0,45.359,17584.7,True,
103,chair,img/chair/1468.jpg,model/chair/SS_177/model.obj,0.5034432817915271,0.7447529214781764,1.0,50.266,17996.2,True,
104,chair,img/chair/0300.jpg,model/chair/SS_025/model.obj,0.7732264037320274,0.7776614452802743,1.0,54.347,17944.2,True,
105,chair,img/chair/1063.jpg,model/chair/SS_129/model.obj,0.6530050929548594,0.7380927908515693,1.0,51.236,17940.6,True,
106,chair,img/chair/0200.jpg,model/chair/SS_011/model.obj,0.583304653526015,0.719735026356612,1.0,49.297,17727.4,True,
107,chair,img/chair/1432.jpg,model/chair/SS_173/model.obj,0.47171657627470476,0.6358269993469842,1.0,49.711,17864.4,True,
108,chair,img/chair/1900.jpg,model/chair/IKEA_HERMAN/model.obj,0.4682814981693461,0.6475065356724208,1.0,45.616,17602.5,True,
109,chair,img/chair/1224.jpg,model/chair/SS_145/model.obj,0.504476511119807,0.5141206282053201,1.0,55.197,17751.5,True,
110,chair,img/chair/0344.jpg,model/chair/SS_031/model.obj,0.49265735420279017,0.6109589498902515,1.0,50.774,17752.4,True,
111,chair,img/chair/0983.jpg,model/chair/SS_122/model.obj,0.8949940214539994,0.9359081626718595,1.0,62.611,18557.0,True,
112,chair,img/chair/2796.jpg,model/chair/IKEA_POANG_1/model.obj,0.6868184984991181,0.9135320748789671,1.0,61.618,18302.1,True,
113,chair,img/chair/3695.jpg,model/chair/IKEA_URBAN/model.obj,0.5572818465696051,0.6972212052942143,1.0,49.521,17619.4,True,
114,chair,img/chair/1428.jpg,model/chair/SS_172/model.obj,0.6819213786799772,0.7804111286791932,1.0,74.028,18821.2,True,
115,chair,img/chair/0989.jpg,model/chair/SS_122/model.obj,0.9606315922048513,0.9781289382538464,1.0,67.198,18704.0,True,
116,chair,img/chair/3280.jpg,model/chair/IKEA_SNILLE_1/model_0.309161832259_0.000344334084232.obj,0.6440413652521476,0.6552919728534092,1.0,49.742,17676.6,True,
117,chair,img/chair/2456.jpg,model/chair/IKEA_KLAPPSTA_1/model.obj,0.8214769175388369,0.96366693768834,1.0,89.124,19429.5,True,
118,chair,img/chair/1874.jpg,model/chair/IKEA_FUSION/model.obj,0.3927076065990966,0.5841481042045557,1.0,48.285,17593.0,True,
119,chair,img/chair/3213.jpg,model/chair/IKEA_SIGURD/model.obj,0.5173270826916992,0.6800736036470487,1.0,45.506,17730.4,True,
120,chair,img/chair/2251.jpg,model/chair/IKEA_JULES_1/model_0.408361305863_-0.000999748488913.obj,0.6384809277794729,0.6456138665559741,1.0,48.175,17598.9,True,
121,chair,img/chair/0672.jpg,model/chair/SS_087/model.obj,0.7031850857966282,0.7296083891365637,1.0,58.884,18065.4,True,
122,chair,img/chair/1211.jpg,model/chair/SS_143/model.obj,0.5319848337872689,0.7418857679177339,1.0,60.266,18435.7,True,
123,chair,img/chair/1137.jpg,model/chair/SS_137/model.obj,0.5903607056411079,0.6825792471609955,1.0,48.16,17825.9,True,
124,chair,img/chair/3833.jpg,model/chair/IKEA_VRETA/model.obj,0.6566934786104308,0.7988689545271755,1.0,47.377,17855.3,True,
125,chair,img/chair/2764.jpeg,model/chair/IKEA_PATRIK/model_-0.166083752808_-0.105098894836.obj,0.5835561363698428,0.6838496620104674,1.0,51.981,17924.6,True,
126,chair,img/chair/2653.jpg,model/chair/IKEA_MARKUS/model_0.166801249786_-0.0113351668888.obj,0.48142967665026587,0.5271669198575306,1.0,50.484,17715.5,True,
127,chair,img/chair/1203.jpg,model/chair/SS_143/model.obj,0.6499793344920238,0.7975661775875243,1.0,61.606,18419.5,True,
128,chair,img/chair/2892.jpg,model/chair/IKEA_POANG_2/model.obj,0.6337854201486441,0.6896842179486607,1.0,66.781,18166.8,True,
129,chair,img/chair/2044.jpg,model/chair/IKEA_IVAR/model.obj,0.4139266648263547,0.5602807984919358,1.0,45.973,17620.6,True,
130,chair,img/chair/2884.jpg,model/chair/IKEA_POANG_2/model.obj,0.6414996511796146,0.6879216726891261,1.0,59.221,18018.2,True,
131,chair,img/chair/1892.jpg,model/chair/IKEA_HERMAN/model.obj,0.4857069676110175,0.6871904427887556,1.0,48.491,17573.1,True,
132,chair,img/chair/1659.jpg,model/chair/IKEA_BORJE/model.obj,0.37686515862086656,0.5534482694400539,1.0,44.887,17551.9,True,
133,chair,img/chair/1020.jpg,model/chair/SS_125/model.obj,0.7447439968771048,0.9318012696883082,1.0,55.783,18166.3,True,
134,chair,img/chair/0653.jpg,model/chair/SS_085/model.obj,0.686544758865773,0.7399721426360236,1.0,78.955,19075.0,True,
135,chair,img/chair/2507.jpg,model/chair/IKEA_MARIUS/model.obj,0.795388967970021,0.8084639806007796,1.0,54.055,17614.4,True,
136,chair,img/chair/2426.jpg,model/chair/IKEA_KAUSTBY/model.obj,0.4042342395471258,0.5321666387745511,1.0,45.265,17534.2,True,
137,chair,img/chair/0446.jpg,model/chair/SS_051/model.obj,0.5110644245894906,0.6233116059700591,1.0,59.912,18201.2,True,
138,chair,img/chair/0263.jpg,model/chair/SS_018/model.obj,0.6672866617190428,0.7294150395015663,1.0,61.725,18297.2,True,
139,chair,img/chair/0526.jpg,model/chair/SS_067/model.obj,0.6131321959838657,0.6824607900681093,1.0,55.984,18002.7,True,
140,chair,img/chair/0716.jpg,model/chair/SS_091/model.obj,0.6128859559392252,0.6654413609506729,1.0,53.515,17964.3,True,
141,chair,img/chair/3129.jpg,model/chair/IKEA_REIDAR/model.obj,0.518020938412327,0.6359750345868141,1.0,54.137,17485.2,True,
142,chair,img/chair/0747.jpg,model/chair/SS_092/model.obj,0.49022177673371303,0.6287759782417015,1.0,51.635,17865.3,True,
143,chair,img/chair/3415.jpg,model/chair/IKEA_STEFAN/model.obj,0.46337190545837925,0.5853447116055962,1.0,45.647,17554.4,True,
144,chair,img/chair/2011.jpg,model/chair/IKEA_INGOLF/model.obj,0.4978389739374303,0.6439904894636959,1.0,48.635,17620.9,True,
145,chair,img/chair/2962.jpg,model/chair/IKEA_POANG_2/model.obj,0.6138498351681594,0.662409156467295,1.0,50.669,17774.3,True,
146,chair,img/chair/0333.jpg,model/chair/SS_029/model.obj,0.5309912401494041,0.6937074987863283,1.0,69.311,17768.9,True,
147,chair,img/chair/1808.jpg,model/chair/IKEA_EKTORP_2/model.obj,0.8630659017814079,0.9941171928342502,1.0,92.878,19302.0,True,
148,chair,img/chair/1784.jpg,model/chair/IKEA_EKENAS/model.obj,0.8081765044301996,0.856037201994849,1.0,108.342,19422.6,True,
149,chair,img/chair/2958.jpg,model/chair/IKEA_POANG_2/model.obj,0.602367932762996,0.7582766695354645,1.0,66.28,18460.3,True,
150,chair,img/chair/2297.jpg,model/chair/IKEA_JULES_1/model_-0.539484644247_0.0762560845204.obj,0.5346444586994855,0.5887743136113408,1.0,51.585,17610.7,True,
151,chair,img/chair/2599.jpg,model/chair/IKEA_MARKUS/model_0.135569548539_-0.00531598970793.obj,0.4728944854436837,0.5431617278256816,1.0,50.332,17644.1,True,
152,chair,img/chair/1156.jpg,model/chair/SS_139/model.obj,0.6044432998845769,0.6837010167534744,1.0,53.705,17972.0,True,
153,chair,img/chair/2726.jpg,model/chair/IKEA_NILS/model.obj,0.5976054703361621,0.816839854935528,1.0,51.466,18119.5,True,
154,chair,img/chair/0104.png,model/chair/IKEA_POANG_2/model.obj,0.637732428170175,0.7352556836407069,1.0,55.049,18175.2,True,
155,chair,img/chair/3414.jpg,model/chair/IKEA_STEFAN/model.obj,0.42888252879974365,0.5745099971983901,1.0,45.02,17557.6,True,
156,chair,img/chair/3710.jpg,model/chair/IKEA_URBAN/model.obj,0.5588235260250769,0.6488811756429884,1.0,49.614,17557.9,True,
157,chair,img/chair/0546.jpg,model/chair/SS_070/model.obj,0.6065067894591128,0.711553396880301,1.0,56.801,18143.6,True,
158,chair,img/chair/3422.jpg,model/chair/IKEA_STEFAN/model.obj,0.49285532283755035,0.6573473146113306,1.0,46.681,17657.6,True,
159,chair,img/chair/2643.jpeg,model/chair/IKEA_MARKUS/model_-0.425071835744_-0.0722116688459.obj,0.4210768837240889,0.4954021068879781,1.0,49.933,17627.4,True,
160,chair,img/chair/1220.jpg,model/chair/SS_144/model.obj,0.5040136748859083,0.6678742860083344,1.0,52.01,18074.1,True,
161,chair,img/chair/3202.jpg,model/chair/IKEA_SIGURD/model.obj,0.6129108422748262,0.7704035767736934,1.0,46.262,17717.5,True,
162,chair,img/chair/1337.jpg,model/chair/SS_159/model.obj,0.6815812647200264,0.803555924028111,1.0,77.608,18821.8,True,
163,chair,img/chair/2080.jpg,model/chair/IKEA_IVAR/model.obj,0.4645437565843867,0.5701271958768309,1.0,44.672,17481.5,True,
164,chair,img/chair/0738.jpg,model/chair/SS_092/model.obj,0.4150048143899123,0.5523689794253895,1.0,51.418,17783.4,True,
165,chair,img/chair/2230.jpg,model/chair/IKEA_JULES_1/model_-0.273839578866_0.00610779881406.obj,0.6278854442859407,0.6405950587396699,1.0,47.451,17545.8,True,
166,chair,img/chair/0026.png,model/chair/IKEA_STEFAN/model.obj,0.474492674682187,0.6735596816806058,1.0,47.226,17573.1,True,
167,chair,img/chair/3718.jpg,model/chair/IKEA_URBAN/model.obj,0.5700514874056991,0.6595253757773132,1.0,51.279,17574.8,True,
168,chair,img/chair/3703.jpg,model/chair/IKEA_URBAN/model.obj,0.5264953351092612,0.6835119478489272,1.0,47.081,17606.8,True,
169,chair,img/chair/1205.jpg,model/chair/SS_143/model.obj,0.5423739435155298,0.7548954333517703,1.0,59.803,18350.6,True,
170,chair,img/chair/2462.jpg,model/chair/IKEA_KLAPPSTA_1/model.obj,0.8343472376522488,0.9382799490362527,1.0,103.662,19633.1,True,
171,chair,img/chair/0830.jpg,model/chair/SS_102/model.obj,0.6901712817847134,0.7016013080904572,1.0,50.998,17931.7,True,
172,chair,img/chair/2495.jpg,model/chair/IKEA_KLAPPSTA_2/model.obj,0.9491949816963996,0.9852077954329173,1.0,90.395,19466.3,True,
173,chair,img/chair/0512.jpg,model/chair/SS_065/model.obj,0.552879361198875,0.59142348311934,1.0,59.671,18324.9,True,
174,chair,img/chair/3115.jpg,model/chair/IKEA_REIDAR/model.obj,0.5178531617608885,0.6262612340627893,1.0,56.596,17474.6,True,
175,chair,img/chair/1359.jpg,model/chair/SS_162/model.obj,0.5121385145646128,0.6283824072480249,1.0,50.075,18118.6,True,
176,chair,img/chair/3192.jpg,model/chair/IKEA_SIGURD/model.obj,0.5336591636228154,0.7156402946666205,1.0,47.613,17770.2,True,
177,chair,img/chair/3030.jpg,model/chair/IKEA_POANG_2/model.obj,0.5829287036521974,0.6752803553781985,1.0,68.616,18483.5,True,
178,chair,img/chair/1736.jpg,model/chair/IKEA_BORJE/model.obj,0.421098251820596,0.5816228156828506,1.0,44.614,17529.2,True,
179,chair,img/chair/0753.jpg,model/chair/SS_093/model.obj,0.6560982330203512,0.6623359045758349,1.0,52.923,17870.6,True,
180,chair,img/chair/2655.jpg,model/chair/IKEA_MARKUS/model_-0.701775337412_-0.0810799058398.obj,0.4335173852965664,0.49375101879273187,1.0,51.413,17758.9,True,
181,chair,img/chair/2609.jpg,model/chair/IKEA_MARKUS/model_0.392427996482_-0.169841808815.obj,0.5137725519225771,0.5427408059640982,1.0,56.69,17897.5,True,
182,chair,img/chair/0004.png,model/chair/IKEA_POANG_2/model.obj,0.602863748428604,0.7215700642878031,1.0,60.606,18274.5,True,
183,chair,img/chair/2974.jpg,model/chair/IKEA_POANG_2/model.obj,0.6387572717966489,0.7167348669048096,1.0,57.724,18308.0,True,
184,chair,img/chair/1467.jpg,model/chair/SS_177/model.obj,0.6973857336064001,0.7971249822230506,1.0,55.298,18220.5,True,
185,chair,img/chair/2398.jpg,model/chair/IKEA_KAUSTBY/model.obj,0.41555089960878905,0.5289464473320664,1.0,45.183,17523.9,True,
186,chair,img/chair/0147.jpg,model/chair/SS_005/model.obj,0.5708276406756251,0.6102317119043488,1.0,56.673,18112.5,True,
187,chair,img/chair/0535.jpg,model/chair/SS_069/model.obj,0.5364830127883251,0.670875910432464,1.0,52.134,17991.7,True,
188,chair,img/chair/1664.jpg,model/chair/IKEA_BORJE/model.obj,0.4196270706927765,0.48588115925337194,1.0,44.732,17506.9,True,
189,chair,img/chair/1396.jpg,model/chair/SS_167/model.obj,0.5096027056216801,0.5996640056302424,1.0,49.081,17836.0,True,
190,chair,img/chair/1106.jpg,model/chair/SS_134/model.obj,0.5430623419212095,0.6284642071965861,1.0,48.332,17756.9,True,
191,chair,img/chair/0308.jpg,model/chair/SS_026/model.obj,0.6439569880712045,0.6528035587348795,1.0,61.59,18022.5,True,
192,chair,img/chair/1112.jpg,model/chair/SS_135/model.obj,0.5185330186500522,0.74863658667434,1.0,53.42,18235.5,True,
193,chair,img/chair/0424.jpg,model/chair/SS_044/model.obj,0.7537974980945666,0.7703957164782417,1.0,63.794,18399.9,True,
194,chair,img/chair/3770.jpg,model/chair/IKEA_VILMAR_2/model.obj,0.5215629537243681,0.6980819628376393,1.0,47.991,17561.4,True,
195,chair,img/chair/2385.jpg,model/chair/IKEA_KAUSTBY/model.obj,0.38731920438412626,0.5236947515420435,1.0,46.575,17551.6,True,
196,chair,img/chair/0356.jpg,model/chair/SS_033/model.obj,0.6189779331506718,0.667503235531488,1.0,65.952,18364.9,True,
197,chair,img/chair/2619.jpg,model/chair/IKEA_MARKUS/model_0.805839422316_-0.0492137996173.obj,0.4555779751148881,0.5064449646703502,1.0,51.697,17710.3,True,
198,chair,img/chair/0596.jpg,model/chair/SS_077/model.obj,0.7122131188957184,0.9526012033452688,1.0,60.6,18073.8,True,
199,chair,img/chair/0610.jpg,model/chair/SS_080/model.obj,0.556659989724271,0.7541138207921089,1.0,52.019,18226.4,True,
200,chair,img/chair/3301.jpg,model/chair/IKEA_SNILLE_1/model_0.234407487697_0.040966288141.obj,0.6202646966415442,0.6415539272616094,1.0,51.996,17688.8,True,
201,chair,img/chair/2329.jpg,model/chair/IKEA_JULES_2/model.obj,0.5731417809496646,0.5740392966151727,1.0,50.104,17564.0,True,
202,chair,img/chair/2705.jpg,model/chair/IKEA_NILS/model.obj,0.6022400820464046,0.8371013976424427,1.0,51.907,18107.4,True,
203,chair,img/chair/0771.jpg,model/chair/SS_096/model.obj,0.5153873083245003,0.5425618859714315,1.0,49.808,17736.5,True,
204,chair,img/chair/1212.jpg,model/chair/SS_143/model.obj,0.5672007737957918,0.747235767107724,1.0,62.131,18526.1,True,
205,chair,img/chair/2593.jpg,model/chair/IKEA_MARIUS/model.obj,0.7964656865431246,0.8303086081670393,1.0,56.149,17785.0,True,
206,chair,img/chair/3015.jpg,model/chair/IKEA_POANG_2/model.obj,0.647811094616931,0.7372605799122887,1.0,58.399,18213.4,True,
207,chair,img/chair/2019.jpg,model/chair/IKEA_INGOLF/model.obj,0.4598142753579513,0.6077034197270504,1.0,47.773,17622.4,True,
208,chair,img/chair/0986.jpg,model/chair/SS_122/model.obj,0.820560131309894,0.9772933197769997,1.0,70.764,18696.4,True,
209,chair,img/chair/2654.jpg,model/chair/IKEA_MARKUS/model_0.765573154197_-0.0543742073802.obj,0.4764941311698711,0.4820135928380405,1.0,50.722,17749.1,True,
210,chair,img/chair/3757.jpg,model/chair/IKEA_VILMAR_2/model.obj,0.7114835554821834,0.7779082251603444,1.0,48.423,17491.7,True,
211,chair,img/chair/3480.jpg,model/chair/IKEA_STEFAN/model.obj,0.43859211863385256,0.6076780841024845,1.0,46.404,17588.2,True,
212,chair,img/chair/0936.jpg,model/chair/SS_113/model.obj,0.5530756921628016,0.7992709658130688,1.0,54.047,17895.2,True,
213,chair,img/chair/3660.jpg,model/chair/IKEA_TOBIAS/model.obj,0.4985749300790068,0.711703237740175,1.0,48.112,17629.2,True,
214,chair,img/chair/1414.jpg,model/chair/SS_169/model.obj,0.4716609290331458,0.6683261417924167,1.0,52.002,18054.9,True,
215,chair,img/chair/1891.jpg,model/chair/IKEA_HERMAN/model.obj,0.48812020731231787,0.6544658253724708,1.0,48.613,17552.8,True,
216,chair,img/chair/3363.jpg,model/chair/IKEA_SOLSTA_OLARP/model.obj,0.6927199418233636,0.9701305645235783,1.0,74.654,18944.2,True,
217,chair,img/chair/1732.jpg,model/chair/IKEA_BORJE/model.obj,0.5455813324795606,0.663927200546952,1.0,45.824,17515.4,True,
218,sofa,img/sofa/1370.jpg,model/sofa/IKEA_LYCKSELE/model.obj,0.5758651118877034,0.8172991936413966,1.0,64.298,18313.5,True,
219,sofa,img/sofa/1582.jpg,model/sofa/IKEA_SKOGABY/model.obj,0.45928682698252216,0.49852697291874953,1.0,50.223,17923.9,True,
220,sofa,img/sofa/1405.jpg,model/sofa/IKEA_MANSTAD/model.obj,0.3593956079469963,0.6772066051654746,1.0,55.72,18230.4,True,
221,sofa,img/sofa/0530.jpg,model/sofa/IKEA_KARLSTAD_2/model.obj,0.4787215378548278,0.5249737058374203,1.0,51.191,18062.3,True,
222,sofa,img/sofa/0888.jpg,model/sofa/IKEA_KLAPPSTA/model.obj,0.8685362527778883,0.9599880352030512,1.0,96.914,19632.8,True,
223,sofa,img/sofa/0831.jpg,model/sofa/IKEA_KIVIK_2/model.obj,0.42250060467388184,0.5237006006900778,1.0,52.679,18218.5,True,
224,sofa,img/sofa/0355.jpg,model/sofa/IKEA_EKTORP_3/model.obj,0.4490081074803833,0.5551513877906594,1.0,57.542,18198.6,True,
225,sofa,img/sofa/1116.jpg,model/sofa/IKEA_KLIPPAN_2/model.obj,0.38958869508873334,0.42572953881783626,1.0,47.875,17906.1,True,
226,sofa,img/sofa/0142.jpg,model/sofa/IKEA_EKTORP_1/model.obj,0.3169837534752246,0.6945456982775834,1.0,61.674,18338.5,True,
227,sofa,img/sofa/1751.jpg,model/sofa/IKEA_SOLSTA_d053e745b565fa391c1b3b2ed8d13bf8/model.obj,0.6112736570175278,0.6381500899005615,1.0,77.37,18908.3,True,
228,sofa,img/sofa/1669.jpg,model/sofa/IKEA_SOLSTA_d053e745b565fa391c1b3b2ed8d13bf8/model.obj,0.6680797308832601,0.7388043228977239,1.0,69.102,18609.6,True,
229,sofa,img/sofa/0845.jpg,model/sofa/IKEA_KIVIK_2/model.obj,0.3805781971891777,0.4668862017182562,1.0,52.251,18000.5,True,
230,sofa,img/sofa/1752.jpg,model/sofa/IKEA_SOLSTA_d053e745b565fa391c1b3b2ed8d13bf8/model.obj,0.5836748714788239,0.63312826646237,1.0,63.145,18634.8,True,
231,sofa,img/sofa/0814.jpg,model/sofa/IKEA_KIVIK_2/model.obj,0.4918394781657879,0.5652269316717522,1.0,54.43,18132.0,True,
232,sofa,img/sofa/0068.png,model/sofa/IKEA_KARLSTAD_1/model.obj,0.42460257124027917,0.4393424026087734,1.0,53.398,18081.0,True,
233,sofa,img/sofa/0375.jpg,model/sofa/IKEA_EKTORP_3/model.obj,0.5195588689513195,0.6113536722584332,1.0,69.322,18475.9,True,
234,sofa,img/sofa/1865.jpg,model/sofa/IKEA_TIDAFORS/model.obj,0.48092973483329854,0.5241197879250609,1.0,56.728,18183.5,True,
235,sofa,img/sofa/0318.jpg,model/sofa/IKEA_EKTORP_2/model.obj,0.43607161857796084,0.5386491014190846,1.0,52.624,18029.0,True,
236,sofa,img/sofa/0840.jpg,model/sofa/IKEA_KIVIK_2/model.obj,0.40648019871520175,0.47735844885259215,1.0,52.605,17981.7,True,
237,sofa,img/sofa/0367.jpg,model/sofa/IKEA_EKTORP_3/model.obj,0.42434943749201415,0.518715929337437,1.0,49.775,17962.1,True,
238,sofa,img/sofa/0185.jpg,model/sofa/IKEA_EKTORP_2/model.obj,0.5014062434717835,0.5864730173760155,1.0,54.085,18064.0,True,
239,sofa,img/sofa/1092.jpg,model/sofa/IKEA_KLIPPAN_1/model.obj,0.4720061280516952,0.5310173949427762,1.0,50.247,18095.9,True,
240,sofa,img/sofa/1572.jpg,model/sofa/IKEA_SKOGABY/model.obj,0.4374016215693351,0.47292865241097465,1.0,50.756,17955.9,True,
241,sofa,img/sofa/0865.jpg,model/sofa/IKEA_KLAPPSTA/model.obj,0.9089065472751087,0.9439451558009683,1.0,119.699,19920.9,True,
242,sofa,img/sofa/0964.jpg,model/sofa/IKEA_KLIPPAN_1/model.obj,0.4903083840661756,0.5327101230058029,1.0,50.945,18153.9,True,
243,sofa,img/sofa/1498.jpg,model/sofa/IKEA_SATER/model.obj,0.3875069044945973,0.4307710075492336,1.0,50.342,17919.9,True,
244,sofa,img/sofa/0800.jpg,model/sofa/IKEA_KIVIK_2/model.obj,0.3585366946910707,0.43813273543513476,1.0,52.369,18046.8,True,
245,sofa,img/sofa/1637.jpg,model/sofa/IKEA_SOLSTA_d053e745b565fa391c1b3b2ed8d13bf8/model.obj,0.5480346536229097,0.6054683082874001,1.0,60.451,18271.2,True,
246,sofa,img/sofa/0567.jpg,model/sofa/IKEA_KARLSTAD_3/model.obj,0.4280803988865356,0.4640509847236766,1.0,51.256,17993.6,True,
247,sofa,img/sofa/1710.jpg,model/sofa/IKEA_SOLSTA_d053e745b565fa391c1b3b2ed8d13bf8/model.obj,0.5611834785640286,0.6693783584554288,1.0,68.524,18519.9,True,
248,sofa,img/sofa/1722.jpg,model/sofa/IKEA_SOLSTA_d053e745b565fa391c1b3b2ed8d13bf8/model.obj,0.5859996098746387,0.6421284285974492,1.0,58.614,18226.7,True,
249,sofa,img/sofa/1469.jpg,model/sofa/IKEA_SATER/model.obj,0.4417612353062913,0.5522716413123459,1.0,53.845,18086.9,True,
250,sofa,img/sofa/0876.jpg,model/sofa/IKEA_KLAPPSTA/model.obj,0.8287329640130092,0.8904048176986316,1.0,93.166,19579.5,True,
251,sofa,img/sofa/1290.jpg,model/sofa/IKEA_LYCKSELE/model.obj,0.5426742857072383,0.7432077580316433,1.0,53.596,18362.8,True,
252,sofa,img/sofa/0740.jpg,model/sofa/IKEA_KIVIK_2/model.obj,0.3969709032210264,0.4944237070176144,1.0,52.878,17983.5,True,
253,sofa,img/sofa/0447.jpg,model/sofa/IKEA_KARLSTAD_1/model.obj,0.4269645070688115,0.4507943289712212,1.0,49.766,17988.0,True,
254,sofa,img/sofa/0454.jpeg,model/sofa/IKEA_KARLSTAD_1/model.obj,0.4339391846950119,0.4510409510841923,1.0,49.321,17952.1,True,
255,sofa,img/sofa/1946.jpg,model/sofa/IKEA_VRETA/model.obj,0.3821511081800661,0.4197929902991393,1.0,49.884,17958.7,True,
256,sofa,img/sofa/1351.jpg,model/sofa/IKEA_LYCKSELE/model.obj,0.5506560186292291,0.7741476458109104,1.0,56.44,18215.0,True,
257,sofa,img/sofa/1152.jpg,model/sofa/IKEA_KLIPPAN_3/model.obj,0.4232480249558596,0.45747397683096924,1.0,61.593,18239.1,True,
258,sofa,img/sofa/1329.jpg,model/sofa/IKEA_LYCKSELE/model.obj,0.5159302012262351,0.7418901413281814,1.0,60.129,18341.7,True,
259,sofa,img/sofa/1299.jpg,model/sofa/IKEA_LYCKSELE/model.obj,0.5173658969250362,0.7190380656856302,1.0,55.865,18100.1,True,
260,sofa,img/sofa/1452.jpg,model/sofa/IKEA_SATER/model.obj,0.4567758847363065,0.4587675573242613,1.0,50.625,17917.9,True,
261,sofa,img/sofa/0287.jpg,model/sofa/IKEA_EKTORP_2/model.obj,0.44628507840201187,0.5527251555048235,1.0,55.494,18072.7,True,
262,sofa,img/sofa/1929.jpg,model/sofa/IKEA_TIDAFORS/model.obj,0.442664417869151,0.48917210568139996,1.0,51.751,18292.2,True,
263,sofa,img/sofa/1910.jpg,model/sofa/IKEA_TIDAFORS/model.obj,0.39723311727233135,0.43861065005400474,1.0,52.498,18057.8,True,
264,sofa,img/sofa/0463.jpg,model/sofa/IKEA_KARLSTAD_1/model.obj,0.469259038792966,0.5081739756231869,1.0,55.582,18141.5,True,
265,sofa,img/sofa/0329.jpg,model/sofa/IKEA_EKTORP_2/model.obj,0.45212943093753516,0.5463225210851714,1.0,55.056,18151.6,True,
266,sofa,img/sofa/1280.jpg,model/sofa/IKEA_LYCKSELE/model.obj,0.5592146462235315,0.7498337355742927,1.0,57.853,18349.6,True,
267,sofa,img/sofa/1118.jpg,model/sofa/IKEA_KLIPPAN_2/model.obj,0.4121668670945924,0.4550657753326728,1.0,47.001,17887.9,True,
268,sofa,img/sofa/0498.jpg,model/sofa/IKEA_KARLSTAD_1/model.obj,0.41525826579212416,0.4228412117515322,1.0,52.777,17947.1,True,
269,sofa,img/sofa/0890.jpg,model/sofa/IKEA_KLAPPSTA/model.obj,0.8007214424715684,0.9110925255851688,1.0,93.527,19639.9,True,
270,sofa,img/sofa/0743.jpg,model/sofa/IKEA_KIVIK_2/model.obj,0.35407667977275353,0.4185651164942514,1.0,53.285,17890.6,True,
271,sofa,img/sofa/1631.jpg,model/sofa/IKEA_SOLSTA_d053e745b565fa391c1b3b2ed8d13bf8/model.obj,0.5795547176344025,0.6406469371517332,1.0,64.224,18607.6,True,
272,sofa,img/sofa/1399.jpg,model/sofa/IKEA_MANSTAD/model.obj,0.3504726513323461,0.662091007890789,1.0,54.323,18287.4,True,
273,sofa,img/sofa/0589.jpg,model/sofa/IKEA_KARLSTAD_3/model.obj,0.46694442126066754,0.5119979225598238,1.0,55.722,18175.8,True,
274,sofa,img/sofa/1325.jpg,model/sofa/IKEA_LYCKSELE/model.obj,0.6130422629717744,0.8766516801526286,1.0,58.826,18620.9,True,
275,sofa,img/sofa/0723.jpg,model/sofa/IKEA_KIVIK_1/model.obj,0.4790700980111257,0.5983412401554088,1.0,58.373,18224.1,True,
276,sofa,img/sofa/1439.jpg,model/sofa/IKEA_MANSTAD/model.obj,0.39761909050861893,0.604971635841836,1.0,55.422,18234.6,True,
277,sofa,img/sofa/0894.jpeg,model/sofa/IKEA_KLAPPSTA/model.obj,0.8079981043601832,0.902778940795816,1.0,99.824,19890.1,True,
278,sofa,img/sofa/0387.jpg,model/sofa/IKEA_EKTORP_3/model.obj,0.47701981901508583,0.5874002636850115,1.0,60.268,18336.0,True,
279,sofa,img/sofa/1385.jpg,model/sofa/IKEA_MANSTAD/model.obj,0.3559920869067748,0.6566350783046042,1.0,54.414,18241.4,True,
280,sofa,img/sofa/1662.jpg,model/sofa/IKEA_SOLSTA_d053e745b565fa391c1b3b2ed8d13bf8/model.obj,0.533198066837595,0.679457538030672,1.0,72.366,18550.8,True,
281,sofa,img/sofa/0461.jpg,model/sofa/IKEA_KARLSTAD_1/model.obj,0.4477375734956502,0.4691907440349672,1.0,52.657,18068.9,True,
282,sofa,img/sofa/0270.jpg,model/sofa/IKEA_EKTORP_2/model.obj,0.4309746534197109,0.49423760928543103,1.0,52.258,18035.3,True,
283,sofa,img/sofa/1926.jpg,model/sofa/IKEA_TIDAFORS/model.obj,0.5160608398384828,0.5212368363034641,1.0,58.46,18320.4,True,
284,sofa,img/sofa/1640.jpg,model/sofa/IKEA_SOLSTA_d053e745b565fa391c1b3b2ed8d13bf8/model.obj,0.5497088369037403,0.6067570092287561,1.0,52.925,18220.8,True,
285,sofa,img/sofa/0118.png,model/sofa/IKEA_SATER/model.obj,0.405590466926806,0.43545893142758363,1.0,48.908,17888.4,True,
286,sofa,img/sofa/0445.jpg,model/sofa/IKEA_KARLSTAD_1/model.obj,0.42856260652600187,0.44107933451609005,1.0,51.666,17900.9,True,
287,sofa,img/sofa/0862.jpg,model/sofa/IKEA_KLAPPSTA/model.obj,0.9687373178532214,0.9693860103041931,1.0,85.623,19335.3,True,
288,sofa,img/sofa/0676.jpg,model/sofa/IKEA_KARLSTAD_4/model.obj,0.2980186803258006,0.6987288634070555,1.0,57.46,18232.6,True,
289,sofa,img/sofa/1289.jpg,model/sofa/IKEA_LYCKSELE/model.obj,0.5167221216946655,0.7382730767946896,1.0,56.327,18266.1,True,
290,sofa,img/sofa/1488.jpg,model/sofa/IKEA_SATER/model.obj,0.3940128466526503,0.42384075399965226,1.0,51.382,17991.0,True,
291,sofa,img/sofa/0799.jpg,model/sofa/IKEA_KIVIK_2/model.obj,0.4127663373821188,0.489482616708058,1.0,50.952,17965.7,True,
292,sofa,img/sofa/1277.jpg,model/sofa/IKEA_LYCKSELE/model.obj,0.5187562103279183,0.7404966174918605,1.0,58.102,18101.3,True,
293,sofa,img/sofa/0671.jpg,model/sofa/IKEA_KARLSTAD_4/model.obj,0.3499556694306989,0.6266026128862469,1.0,52.863,18042.8,True,
294,sofa,img/sofa/1215.jpg,model/sofa/IKEA_KLIPPAN_3/model.obj,0.4648188704501742,0.4746472525881687,1.0,48.609,17943.6,True,
295,sofa,img/sofa/0030.png,model/sofa/IKEA_KARLSTAD_1/model.obj,0.44005861901799503,0.4640216616328469,1.0,51.959,18041.2,True,
296,sofa,img/sofa/1248.jpg,model/sofa/IKEA_KLIPPAN_3/model.obj,0.47122333709884817,0.560827056835205,1.0,56.349,18315.1,True,
297,sofa,img/sofa/0931.jpg,model/sofa/IKEA_KLIPPAN_1/model.obj,0.48216497190394,0.48997537344848346,1.0,49.855,17830.5,True,
298,sofa,img/sofa/1413.jpg,model/sofa/IKEA_MANSTAD/model.obj,0.3698420743486139,0.598359913492715,1.0,52.012,18102.9,True,
299,sofa,img/sofa/0982.jpg,model/sofa/IKEA_KLIPPAN_1/model.obj,0.4627300333822845,0.5279234029640616,1.0,50.644,17965.9,True,
300,sofa,img/sofa/1328.jpg,model/sofa/IKEA_LYCKSELE/model.obj,0.5967361140095402,0.8077647807599727,1.0,64.028,18399.5,True,
301,sofa,img/sofa/1673.jpg,model/sofa/IKEA_SOLSTA_d053e745b565fa391c1b3b2ed8d13bf8/model.obj,0.5569876906150467,0.6259627951632041,1.0,56.903,18504.8,True,
302,sofa,img/sofa/1501.jpg,model/sofa/IKEA_SATER/model.obj,0.43982966131706586,0.4416983608202539,1.0,51.347,17955.9,True,
303,sofa,img/sofa/0638.jpg,model/sofa/IKEA_KARLSTAD_3/model.obj,0.4880039698045892,0.48925442643709793,1.0,67.364,18183.1,True,
304,sofa,img/sofa/0739.jpg,model/sofa/IKEA_KIVIK_2/model.obj,0.3547856096291598,0.4377517768080956,1.0,48.787,17882.2,True,
305,sofa,img/sofa/1013.jpg,model/sofa/IKEA_KLIPPAN_1/model.obj,0.5152935931593251,0.5173359013297008,1.0,49.381,17858.7,True,
306,sofa,img/sofa/0808.jpg,model/sofa/IKEA_KIVIK_2/model.obj,0.37018113133799235,0.4761403864303409,1.0,50.911,17920.5,True,
307,sofa,img/sofa/0317.jpg,model/sofa/IKEA_EKTORP_2/model.obj,0.46858265722754927,0.5398753965992998,1.0,51.605,17968.0,True,
308,sofa,img/sofa/1729.jpg,model/sofa/IKEA_SOLSTA_d053e745b565fa391c1b3b2ed8d13bf8/model.obj,0.5876758068630138,0.6479809249490761,1.0,60.991,18662.7,True,
309,sofa,img/sofa/1644.jpg,model/sofa/IKEA_SOLSTA_d053e745b565fa391c1b3b2ed8d13bf8/model.obj,0.5693553690899038,0.6247755547189587,1.0,57.46,18455.6,True,
310,sofa,img/sofa/1055.jpg,model/sofa/IKEA_KLIPPAN_1/model.obj,0.4309374643498625,0.45198551677013815,1.0,46.933,17913.2,True,
311,sofa,img/sofa/0313.jpg,model/sofa/IKEA_EKTORP_2/model.obj,0.5836558034947316,0.6908562854402495,1.0,90.876,18571.5,True,
312,sofa,img/sofa/0269.jpg,model/sofa/IKEA_EKTORP_2/model.obj,0.46783586809122196,0.5575812478761865,1.0,54.414,18100.5,True,
313,sofa,img/sofa/1742.jpg,model/sofa/IKEA_SOLSTA_d053e745b565fa391c1b3b2ed8d13bf8/model.obj,0.5473037364000312,0.6417438621810805,1.0,66.633,18311.9,True,
314,table,img/table/1620.jpg,model/table/IKEA_TORSBY_2/model.obj,0.649998049669029,0.7637715095078437,1.0,49.242,17778.4,True,
315,table,img/table/1684.jpg,model/table/IKEA_UTBY_1/model.obj,0.5603608867263253,0.9785562948287145,1.0,49.916,17976.6,True,
316,table,img/table/1779.jpg,model/table/IKEA_VITTSJO_2/model.obj,0.4095346181836764,0.7731165171196032,1.0,44.041,17564.2,True,
317,table,img/table/0734.jpg,model/table/IKEA_INGATORP/model.obj,0.4781089505880677,0.5131084979099165,1.0,45.948,17722.6,True,
318,table,img/table/0211.jpg,model/table/IKEA_BJURSTA_3/model.obj,0.6433689730049734,0.9999447039330549,1.0,53.123,18037.4,True,
319,table,img/table/1702.jpg,model/table/IKEA_UTBY_2/model.obj,0.47781799533919744,0.6893996096447595,1.0,46.293,17651.2,True,
320,table,img/table/0311.jpg,model/table/IKEA_DOCKSTA/model.obj,0.7536932397355087,0.9978790485703816,1.0,48.82,17937.2,True,
321,table,img/table/0806.jpg,model/table/IKEA_INGO_4/model.obj,0.6790703454714463,0.9675702088906809,1.0,62.552,18502.3,True,
322,table,img/table/0255.jpg,model/table/IKEA_DOCKSTA/model.obj,0.7241101326679512,0.9305159790355305,1.0,48.53,17857.0,True,
323,table,img/table/0251.jpg,model/table/IKEA_DOCKSTA/model.obj,0.7231089295508134,0.9661058676535482,1.0,48.994,17861.2,True,
324,table,img/table/0958.jpg,model/table/IKEA_KLINGSBO_1/model.obj,0.8694205384711943,0.9313471799191384,1.0,70.636,17866.6,True,
325,table,img/table/1433.jpeg,model/table/IKEA_NORDEN_2/model.obj,0.4967467117466491,0.5505467407065929,1.0,44.375,17740.2,True,
326,table,img/table/0616.jpg,model/table/IKEA_HEMNES_1/model.obj,0.8244060854865175,0.9985248460945622,1.0,76.354,18739.2,True,
327,table,img/table/0983.jpg,model/table/IKEA_KLUBBO_2/model.obj,0.31735529100082793,0.6313808185063469,1.0,46.145,17819.6,True,
328,table,img/table/0127.jpg,model/table/IKEA_BJORKUDDEN_2/model.obj,0.9315586331592985,0.9991557810624841,1.0,59.627,18275.7,True,
329,table,img/table/0320.jpg,model/table/IKEA_DOCKSTA/model.obj,0.7201196170046503,0.9644109081338391,1.0,49.131,17879.7,True,
330,table,img/table/1468.jpg,model/table/IKEA_ODDA/model.obj,0.5431684523584238,0.7099022171474975,1.0,81.094,18946.4,True,
331,table,img/table/1742.png,model/table/IKEA_VEJMON_3/model.obj,0.5984666063393954,0.706791599583957,1.0,53.754,17922.2,True,
332,table,img/table/1177.jpg,model/table/IKEA_MALM_1/model.obj,0.34803388592950735,0.6747433056679485,1.0,47.302,17859.3,True,
333,table,img/table/1023.jpg,model/table/IKEA_LACK_3/model.obj,0.6296255193622584,0.9834766029746105,1.0,59.716,18285.8,True,
334,table,img/table/0851.png,model/table/IKEA_ISALA_2/model.obj,0.5754762566444083,0.8715391671896232,1.0,53.245,18111.0,True,
335,table,img/table/1171.jpg,model/table/IKEA_MALM_1/model.obj,0.3909247842808779,0.6695722641452868,1.0,52.126,18117.5,True,
336,table,img/table/0966.jpg,model/table/IKEA_KLINGSBO_1/model.obj,0.8723714324099431,0.9147460759669694,1.0,60.76,17881.7,True,
337,table,img/table/1032.jpg,model/table/IKEA_LACK_3/model.obj,0.8670712123801043,0.9508963900472193,1.0,75.136,18301.6,True,
338,table,img/table/1400.jpg,model/table/IKEA_NORDEN_1/model.obj,0.9069003674950429,0.9988956826519283,1.0,66.702,18624.0,True,
339,table,img/table/0642.jpg,model/table/IKEA_HEMNES_3/model.obj,0.25810206251039847,0.4916801589745634,1.0,48.585,17975.7,True,
340,table,img/table/1128.png,model/table/IKEA_LINDVED/model.obj,0.7494120125569166,0.786236187965222,1.0,47.007,17603.7,True,
341,table,img/table/1563.jpg,model/table/IKEA_TOFTERYD/model.obj,0.24318220250954908,0.6603639037269147,1.0,48.171,17971.1,True,
342,table,img/table/0277.jpg,model/table/IKEA_DOCKSTA/model.obj,0.7220945898614989,0.9672171593645755,1.0,48.575,17859.1,True,
343,table,img/table/0044.png,model/table/IKEA_LACK_2/model.obj,0.7123398916665475,0.9511591100823823,1.0,58.21,18442.7,True,
344,table,img/table/1565.jpg,model/table/IKEA_TOFTERYD/model.obj,0.21685824624232786,0.9142852959795381,1.0,51.598,18277.3,True,
345,table,img/table/0460.jpeg,model/table/IKEA_DOCKSTA/model.obj,0.751245544297792,0.9986697682744934,1.0,48.085,17892.7,True,
346,table,img/table/0280.jpg,model/table/IKEA_DOCKSTA/model.obj,0.7548174873832666,0.9977314702235018,1.0,49.997,17985.9,True,
347,table,img/table/1816.jpg,model/table/IKEA_VITTSJO_2/model.obj,0.47639797756929814,0.7955246086993168,1.0,45.767,17630.0,True,
348,table,img/table/0885.png,model/table/IKEA_JOKKMOKK/model.obj,0.6217619143921058,0.6331142515761359,1.0,48.316,17871.9,True,
349,table,img/table/1693.jpg,model/table/IKEA_UTBY_1/model.obj,0.42837496733911395,0.8928862293709029,1.0,46.012,17635.8,True,
350,table,img/table/0647.jpg,model/table/IKEA_HEMNES_3/model.obj,0.2628978169661082,0.4886813337324734,1.0,50.251,17958.1,True,
351,table,img/table/1266.jpg,model/table/IKEA_MUDDUS/model.obj,0.9132470762057344,0.9840198078020291,1.0,45.308,17730.0,True,
352,table,img/table/0979.jpg,model/table/IKEA_KLUBBO_2/model.obj,0.2706739674285458,0.5327536852540113,1.0,44.619,17592.1,True,
353,table,img/table/1326.jpg,model/table/IKEA_NORBO/model.obj,0.49641019831026045,0.7447449351311695,1.0,43.933,17708.6,True,
354,table,img/table/1079.jpg,model/table/IKEA_LACK_3/model.obj,0.689703304675499,0.8475173777849069,1.0,49.903,17831.4,True,
355,table,img/table/0735.jpg,model/table/IKEA_INGATORP/model.obj,0.5868571185252811,0.6402919242396987,1.0,45.367,17759.8,True,
356,table,img/table/1517.jpg,model/table/IKEA_SALMI/model.obj,0.7330323529789342,0.9985053915934815,1.0,51.538,17796.0,True,
357,table,img/table/1849.jpg,model/table/IKEA_VITTSJO_2/model.obj,0.40759762507511504,0.7907967640258856,1.0,44.181,17563.8,True,
358,table,img/table/1137.png,model/table/IKEA_LINDVED/model.obj,0.8033880278906625,0.839274149257846,1.0,47.145,17627.4,True,
359,table,img/table/1769.jpg,model/table/IKEA_VITTSJO_2/model.obj,0.45911089008320105,0.7719498558755616,1.0,44.344,17571.3,True,
360,table,img/table/0038.png,model/table/IKEA_LACK_2/model.obj,0.0,0.0,0.0,43.791,18482.1,False,"Cuda error: 2[cudaMalloc(&m_gpuPtr, bytes);]"
361,table,img/table/1127.jpg,model/table/IKEA_LINDVED/model.obj,0.8376079281382984,0.8945127005812754,1.0,45.96,17623.5,True,
362,table,img/table/0485.jpg,model/table/IKEA_DOCKSTA/model.obj,0.6554083942990907,0.9621063350788039,1.0,51.633,17888.0,True,
363,table,img/table/0653.jpg,model/table/IKEA_HEMNES_3/model.obj,0.3357961614222654,0.5634232657497898,1.0,53.347,18154.4,True,
364,table,img/table/1030.jpg,model/table/IKEA_LACK_3/model.obj,0.840004575661575,0.948397736979264,1.0,56.419,18207.0,True,
365,table,img/table/0602.jpg,model/table/IKEA_GRANAS/model.obj,0.5954377102167583,0.9557983931984027,1.0,60.628,18009.2,True,
366,table,img/table/0514.jpg,model/table/IKEA_DOCKSTA/model.obj,0.6851403799384495,0.9999916592725097,1.0,55.219,17975.0,True,
367,table,img/table/0727.jpg,model/table/IKEA_INGATORP/model.obj,0.485071022282657,0.5455204001321019,1.0,46.165,17723.4,True,
368,table,img/table/1046.jpg,model/table/IKEA_LACK_3/model.obj,0.7452841325117376,0.9569167584972134,1.0,55.231,18615.6,True,
369,table,img/table/1072.png,model/table/IKEA_LACK_3/model.obj,0.7341152376370573,0.9690811078512303,1.0,53.765,18094.4,True,
370,table,img/table/0875.jpg,model/table/IKEA_JOKKMOKK/model.obj,0.6427508170253883,0.6855521882345131,1.0,46.589,18048.9,True,
371,table,img/table/1250.jpg,model/table/IKEA_MUDDUS/model.obj,0.5569269127642446,0.7451551941929812,1.0,43.109,17590.1,True,
372,table,img/table/0849.jpg,model/table/IKEA_ISALA_2/model.obj,0.43297767082972416,0.8625070633662035,1.0,51.684,18032.4,True,
373,table,img/table/1029.jpg,model/table/IKEA_LACK_3/model.obj,0.8400729451927769,0.9317695546446829,1.0,55.869,18121.8,True,
374,table,img/table/1690.jpg,model/table/IKEA_UTBY_1/model.obj,0.5391285973869074,0.9974687289729554,1.0,44.883,17762.2,True,
375,table,img/table/1652.jpg,model/table/IKEA_TORSBY_2/model.obj,0.6509243463998413,0.7322676577413433,1.0,44.649,17765.4,True,
376,table,img/table/0995.jpg,model/table/IKEA_KLUBBO_5/model.obj,0.7040971956555044,0.9891748775834301,1.0,71.909,18853.4,True,
377,table,img/table/0182.jpg,model/table/IKEA_BJORKUDDEN_3/model.obj,0.5446655405148673,0.6195879625886016,1.0,46.428,17930.9,True,
378,table,img/table/0420.jpg,model/table/IKEA_DOCKSTA/model.obj,0.6970033315584855,0.9993726632025972,1.0,45.588,17852.1,True,
379,table,img/table/1481.jpg,model/table/IKEA_RAST/model.obj,0.39165557277092206,0.730911611260644,1.0,51.232,17960.6,True,
380,table,img/table/1057.jpg,model/table/IKEA_LACK_3/model.obj,0.746340592104908,0.9584820257003057,1.0,50.185,17949.6,True,
381,table,img/table/0146.jpg,model/table/IKEA_BJORKUDDEN_3/model.obj,0.634929780639594,0.7012171210942505,1.0,48.408,17853.1,True,
382,table,img/table/0016.png,model/table/IKEA_LACK_3/model.obj,0.7317192010464832,0.9262879567367707,1.0,52.667,18079.1,True,
383,table,img/table/1219.jpg,model/table/IKEA_MALM_3/model.obj,0.6356552692232876,0.7400169639307193,1.0,58.532,18443.9,True,
384,table,img/table/0640.jpg,model/table/IKEA_HEMNES_3/model.obj,0.27171600676796237,0.5248039223372803,1.0,48.716,17883.5,True,
385,table,img/table/1025.jpg,model/table/IKEA_LACK_3/model.obj,0.7248275293998259,0.9780933744743777,1.0,57.48,18170.2,True,
386,table,img/table/0744.jpg,model/table/IKEA_INGO_1/model.obj,0.6208043224231362,0.6973271340140774,1.0,45.275,17797.2,True,
387,table,img/table/1524.jpg,model/table/IKEA_SALMI/model.obj,0.6327065184680782,0.996311947216877,1.0,49.91,17798.3,True,
388,table,img/table/1493.jpg,model/table/IKEA_RAST/model.obj,0.5421949342999148,0.7553943364040934,1.0,50.697,18175.6,True,
389,table,img/table/0568.jpg,model/table/IKEA_FUSION/model.obj,0.8551420492403018,0.9740804451246207,1.0,55.324,17913.9,True,
390,table,img/table/0286.jpg,model/table/IKEA_DOCKSTA/model.obj,0.7309150365559117,0.9677300631818548,1.0,48.58,17817.2,True,
391,table,img/table/0703.jpg,model/table/IKEA_INGATORP/model.obj,0.48999704337682665,0.5512536645988292,1.0,42.766,17643.0,True,
392,table,img/table/1866.jpg,model/table/IKEA_VITTSJO_2/model.obj,0.4685465940248129,0.7967747716567488,1.0,43.761,17606.1,True,
393,table,img/table/0115.jpg,model/table/IKEA_BJORKUDDEN_1/model.obj,0.6738595651204198,0.7729675621662964,1.0,45.49,17865.9,True,
394,bed,img/bed/0760.jpg,model/bed/IKEA_MALM_2/model.obj,0.3798354374134587,0.8012619770921748,1.0,63.987,17998.6,True,
395,bed,img/bed/0246.jpg,model/bed/IKEA_FJELLSE_1/model.obj,0.43371642556669154,0.9856705568945026,1.0,58.992,18147.3,True,
396,bed,img/bed/0851.jpg,model/bed/IKEA_MANDAL_1/model.obj,0.25166653336954353,0.9870445457958654,1.0,74.286,18986.9,True,
397,bed,img/bed/0212.jpg,model/bed/IKEA_FJELLSE_1/model.obj,0.46849678292490404,0.9116551338937507,1.0,66.525,18156.2,True,
398,bed,img/bed/0059.jpg,model/bed/IKEA_BEDDINGE/model.obj,0.34824357643703074,0.5420090763507989,1.0,51.931,18033.9,True,
399,bed,img/bed/0612.jpg,model/bed/IKEA_LEIRVIK/model.obj,0.6468814431934319,0.7594446683207264,1.0,61.21,18171.6,True,
400,bed,img/bed/0750.png,model/bed/IKEA_MALM_1/model.obj,0.44138499696984507,0.7293838651060096,1.0,51.849,17956.5,True,
401,bed,img/bed/0057.jpg,model/bed/IKEA_BEDDINGE/model.obj,0.4080495159705467,0.6218012475910217,1.0,53.593,17951.9,True,
402,bed,img/bed/0741.jpg,model/bed/IKEA_MALM_1/model.obj,0.4234791202324062,0.5915518948593885,1.0,53.938,18013.2,True,
403,bed,img/bed/0368.jpg,model/bed/IKEA_HEMNES_2/model.obj,0.6055938358735566,0.9968001636854279,1.0,73.864,18661.8,True,
404,bed,img/bed/0460.jpg,model/bed/IKEA_HEMNES_3/model.obj,0.5135551558656956,0.5258371933955193,1.0,58.916,18198.3,True,
405,bed,img/bed/0159.jpg,model/bed/IKEA_BRIMNES_1/model.obj,0.5714868058064,0.8746465212304865,1.0,78.873,19033.8,True,
406,bed,img/bed/0730.png,model/bed/IKEA_LILLESAND/model.obj,0.6047001882014612,0.8357395659582589,1.0,70.41,18146.6,True,
407,bed,img/bed/0816.jpg,model/bed/IKEA_MALM_3/model.obj,0.39462646015410885,0.9711499738762283,1.0,70.151,18614.0,True,
408,bed,img/bed/0257.jpg,model/bed/IKEA_FJELLSE_2/model.obj,0.46861851299481716,0.5853160554391874,1.0,45.861,17510.1,True,
409,bed,img/bed/0430.jpg,model/bed/IKEA_HEMNES_3/model.obj,0.5262437893456602,0.5314801010079094,1.0,51.646,18314.6,True,
410,bed,img/bed/0268.jpg,model/bed/IKEA_FJELLSE_2/model.obj,0.5030860403105358,0.5928185419119238,1.0,50.468,17968.2,True,
411,bed,img/bed/0294.jpg,model/bed/IKEA_FJELLSE_2/model.obj,0.6191523340618191,0.7656355160077484,1.0,56.557,18161.9,True,
412,bed,img/bed/0823.jpg,model/bed/IKEA_MALM_4/model.obj,0.39248340145041205,0.9785443574275984,1.0,66.471,18359.4,True,
413,bed,img/bed/0039.png,model/bed/IKEA_MALM_3/model.obj,0.42164677826445324,0.8307029526211354,1.0,61.196,18395.4,True,
414,bed,img/bed/0298.jpg,model/bed/IKEA_FJELLSE_2/model.obj,0.5653083972578707,0.701968869941522,1.0,47.81,17624.9,True,
415,bed,img/bed/0688.jpg,model/bed/IKEA_LILLESAND/model.obj,0.6428230137843239,0.7514512471214527,1.0,53.181,17941.0,True,
416,bed,img/bed/0822.jpg,model/bed/IKEA_MALM_4/model.obj,0.40258557223961033,0.7611955059532703,1.0,52.159,17938.7,True,
417,bed,img/bed/0454.jpg,model/bed/IKEA_HEMNES_3/model.obj,0.5831513628193216,0.6696192923169371,1.0,73.742,18810.1,True,
418,bed,img/bed/0491.jpg,model/bed/IKEA_LEIRVIK/model.obj,0.7027889238223889,0.8495030376847765,1.0,70.355,18247.0,True,
419,bed,img/bed/0262.jpg,model/bed/IKEA_FJELLSE_2/model.obj,0.5057185012114224,0.6093786982771964,1.0,61.883,17966.6,True,
420,bed,img/bed/0173.jpg,model/bed/IKEA_BRIMNES_1/model.obj,0.4963631229967601,0.732346072132715,1.0,85.954,18745.2,True,
421,bed,img/bed/0782.jpg,model/bed/IKEA_MALM_2/model.obj,0.0,0.0,0.0,48.523,18611.1,False,"Cuda error: 2[cudaMalloc(&m_gpuPtr, bytes);]"
422,bed,img/bed/0056.jpg,model/bed/IKEA_BEDDINGE/model.obj,0.3762689429158889,0.5965572731907599,1.0,49.71,18001.3,True,
423,bed,img/bed/0901.jpg,model/bed/IKEA_NORDLI/model.obj,0.43677549011355793,0.8046804932139953,1.0,74.067,18828.2,True,
424,bed,img/bed/0395.jpg,model/bed/IKEA_HEMNES_2/model.obj,0.6074056679569362,0.773276043340996,1.0,52.776,17881.9,True,
425,bed,img/bed/0347.jpg,model/bed/IKEA_HEMNES_2/model.obj,0.6228503875333659,0.9167677364360507,1.0,63.579,18459.9,True,
426,bed,img/bed/0887.jpg,model/bed/IKEA_NORDLI/model.obj,0.44733221522302524,0.7494931104831649,1.0,56.38,17997.0,True,
427,bed,img/bed/0723.jpg,model/bed/IKEA_LILLESAND/model.obj,0.6390832451338785,0.8205998605277193,1.0,67.108,18475.9,True,
428,bed,img/bed/0606.jpg,model/bed/IKEA_LEIRVIK/model.obj,0.7491962539349881,0.9920088471086541,1.0,70.092,18474.4,True,
429,bed,img/bed/0409.jpg,model/bed/IKEA_HEMNES_3/model.obj,0.49003078348590445,0.5449634976724623,1.0,62.62,18419.7,True,
430,bed,img/bed/0397.jpg,model/bed/IKEA_HEMNES_3/model.obj,0.5110587455560586,0.543084464305934,1.0,61.163,18544.9,True,
431,bed,img/bed/0038.png,model/bed/IKEA_MALM_4/model.obj,0.360197655876024,0.9723605898362886,1.0,50.977,17865.8,True,
432,desk,img/desk/0536.jpg,model/desk/IKEA_MICKE_2/model.obj,0.39443609731170953,0.8904014679483326,1.0,60.992,18346.9,True,
433,desk,img/desk/0174.jpg,model/desk/IKEA_GALANT_2/model.obj,0.5013039358195566,0.5555444927450472,1.0,45.395,17645.1,True,
434,desk,img/desk/0316.jpg,model/desk/IKEA_LEKSVIK/model.obj,0.5180438341671179,0.6003021811238641,1.0,44.989,17846.9,True,
435,desk,img/desk/0265.jpg,model/desk/IKEA_LAIVA/model.obj,0.8743446033566674,0.9173180769666909,1.0,54.964,18303.8,True,
436,desk,img/desk/0229.jpg,model/desk/IKEA_HEMNES/model.obj,0.6295328388314839,0.6634321177817145,1.0,50.501,18099.9,True,
437,desk,img/desk/0074.jpg,model/desk/IKEA_BESTA_2/model.obj,0.275971395499677,0.41531234591728644,1.0,42.596,17534.4,True,
438,desk,img/desk/0629.jpg,model/desk/IKEA_VITTSJO/model.obj,0.46943804301106923,0.913887441402942,1.0,46.271,17626.8,True,
439,desk,img/desk/0280.jpg,model/desk/IKEA_LAIVA/model.obj,0.7982261640135982,0.9544884880959442,1.0,80.895,19107.8,True,
440,desk,img/desk/0518.jpg,model/desk/IKEA_MICKE_1/model.obj,0.36924958849238326,0.6160760733123866,1.0,44.417,17788.5,True,
441,desk,img/desk/0417.jpg,model/desk/IKEA_MALM/model.obj,0.5097928238511134,0.5777366105527344,1.0,51.95,18186.2,True,
442,desk,img/desk/0548.jpg,model/desk/IKEA_MICKE_2/model.obj,0.5423662741854979,0.9193958413655855,1.0,57.027,18495.0,True,
443,desk,img/desk/0432.jpg,model/desk/IKEA_MALM/model.obj,0.40960236414517265,0.587025439900305,1.0,49.988,18014.7,True,
444,desk,img/desk/0266.jpg,model/desk/IKEA_LAIVA/model.obj,0.7539722262834935,0.9514951000884967,1.0,59.673,18452.9,True,
445,desk,img/desk/0034.jpg,model/desk/IKEA_BESTA_2/model.obj,0.5613812976304161,0.7244101952674206,1.0,46.031,17838.3,True,
446,desk,img/desk/0123.jpg,model/desk/IKEA_FREDRIK/model.obj,0.5896065598720068,0.6956309785996374,1.0,44.541,17659.6,True,
447,desk,img/desk/0218.jpg,model/desk/IKEA_HEMNES/model.obj,0.5968609156073753,0.6073050440080563,1.0,52.717,18019.6,True,
448,desk,img/desk/0166.jpg,model/desk/IKEA_GALANT_1/model.obj,0.4473843195816216,0.5111171185372001,1.0,45.355,17631.9,True,
449,desk,img/desk/0468.jpeg,model/desk/IKEA_MALM/model.obj,0.7508175195727418,0.7683914668838624,1.0,52.844,18177.4,True,
450,desk,img/desk/0222.jpg,model/desk/IKEA_HEMNES/model.obj,0.4368378445545255,0.4973138890646551,1.0,52.175,18000.6,True,
451,desk,img/desk/0043.jpg,model/desk/IKEA_BESTA_2/model.obj,0.2560410954162139,0.42020906661705226,1.0,44.854,17511.5,True,
452,desk,img/desk/0115.jpg,model/desk/IKEA_EXPEDIT_1/model.obj,0.33614920372499785,0.7837785438391826,1.0,56.586,18254.0,True,
453,desk,img/desk/0481.jpg,model/desk/IKEA_MICKE_1/model.obj,0.45762151377678445,0.6864463794697787,1.0,47.832,17861.7,True,
454,desk,img/desk/0346.jpg,model/desk/IKEA_LIATORP/model.obj,0.5330465267468745,0.6283692187534489,1.0,62.464,18559.2,True,
455,desk,img/desk/0276.jpg,model/desk/IKEA_LAIVA/model.obj,0.8146336256621103,0.8571192649795961,1.0,61.315,18321.2,True,
456,desk,img/desk/0592.jpg,model/desk/IKEA_MICKE_2/model.obj,0.3857996777115562,0.8303102043174316,1.0,55.635,18165.3,True,
457,desk,img/desk/0646.jpg,model/desk/IKEA_VITTSJO/model.obj,0.4612373229978975,0.789699028646199,1.0,47.182,17606.1,True,
458,desk,img/desk/0256.jpg,model/desk/IKEA_LAIVA/model.obj,0.7216256306513149,0.932131371008249,1.0,64.71,18639.5,True,
459,desk,img/desk/0347.jpg,model/desk/IKEA_LIATORP/model.obj,0.47525531297871093,0.5290827285197133,1.0,57.884,18390.8,True,
460,desk,img/desk/0488.jpg,model/desk/IKEA_MICKE_1/model.obj,0.36251117651881637,0.5247075303569197,1.0,47.654,17718.2,True,
461,desk,img/desk/0419.jpg,model/desk/IKEA_MALM/model.obj,0.4103348479516092,0.5691055824341231,1.0,52.098,18016.6,True,
462,bookcase,img/bookcase/0036.jpg,model/bookcase/IKEA_BILLY_3/model.obj,0.27705980716254314,0.4261715244007757,1.0,46.557,17913.6,True,
463,bookcase,img/bookcase/0145.jpg,model/bookcase/IKEA_EXPEDIT_3/model.obj,0.14076729227402335,0.9670795443238324,1.0,51.788,17978.3,True,
464,bookcase,img/bookcase/0223.jpg,model/bookcase/IKEA_KILBY_1/model.obj,0.17792600758383148,0.3554368177477187,1.0,46.416,17754.7,True,
465,bookcase,img/bookcase/0068.jpg,model/bookcase/IKEA_EXPEDIT_1/model.obj,0.10883428113861368,0.9252205770252092,1.0,59.211,17921.0,True,
466,bookcase,img/bookcase/0098.jpg,model/bookcase/IKEA_EXPEDIT_2/model.obj,0.32072851725724233,0.973005958038208,1.0,72.857,18906.3,True,
467,bookcase,img/bookcase/0016.jpg,model/bookcase/IKEA_BILLY_1/model.obj,0.13972722197702123,0.41375945183346236,1.0,49.834,17733.4,True,
468,bookcase,img/bookcase/0267.jpg,model/bookcase/IKEA_LACK_3/model.obj,0.14038623237951908,0.21002635009791804,1.0,44.154,17451.3,True,
469,bookcase,img/bookcase/0169.jpg,model/bookcase/IKEA_HEMNES/model.obj,0.17750995620366736,0.5025039158822476,1.0,49.717,17839.0,True,
470,bookcase,img/bookcase/0001.jpg,model/bookcase/IKEA_BESTA/model.obj,0.33044578489218773,0.4575101936904789,1.0,51.85,18088.3,True,
471,bookcase,img/bookcase/0201.jpg,model/bookcase/IKEA_HEMNES/model.obj,0.1842234303740571,0.5104105828589086,1.0,49.529,17825.2,True,
472,bookcase,img/bookcase/0306.jpg,model/bookcase/IKEA_LAIVA/model.obj,0.14339621490380522,0.3701893936313092,1.0,45.239,17490.2,True,
473,bookcase,img/bookcase/0206.jpg,model/bookcase/IKEA_HEMNES/model.obj,0.2446250898156767,0.47616956344825606,1.0,50.28,17955.9,True,
474,bookcase,img/bookcase/0260.jpg,model/bookcase/IKEA_LACK_3/model.obj,0.15815590584835046,0.20477671988290383,1.0,43.82,17438.8,True,
475,bookcase,img/bookcase/0273.jpg,model/bookcase/IKEA_LACK_3/model.obj,0.20490732956162466,0.21565581417221671,1.0,44.389,17487.7,True,
476,bookcase,img/bookcase/0283.jpg,model/bookcase/IKEA_LACK_3/model.obj,0.14391814402928232,0.20965207366784636,1.0,43.978,17457.1,True,
477,bookcase,img/bookcase/0282.jpg,model/bookcase/IKEA_LACK_3/model.obj,0.1452440655816953,0.2061890541117472,1.0,44.366,17452.1,True,
478,wardrobe,img/wardrobe/0229.jpg,model/wardrobe/IKEA_ODDA_1/model.obj,0.29785302682255405,0.3030816388279858,1.0,53.204,17869.7,True,
479,wardrobe,img/wardrobe/0060.jpg,model/wardrobe/IKEA_ANEBODA_1/model.obj,0.266035402430106,0.4513040701546725,1.0,51.957,18049.5,True,
480,wardrobe,img/wardrobe/0123.jpg,model/wardrobe/IKEA_DOMBAS/model.obj,0.26184206454336534,0.7632916840262586,1.0,59.962,18557.9,True,
481,wardrobe,img/wardrobe/0143.jpg,model/wardrobe/IKEA_DOMBAS/model.obj,0.2639365535264915,0.7990887821573955,1.0,60.826,18582.9,True,
482,wardrobe,img/wardrobe/0022.jpg,model/wardrobe/IKEA_ANEBODA_1/model.obj,0.31227100940007035,0.46725843264796696,1.0,51.252,18092.8,True,
483,wardrobe,img/wardrobe/0228.jpg,model/wardrobe/IKEA_ODDA_1/model.obj,0.17715512138522296,0.33324837680797387,1.0,47.161,17752.8,True,
484,wardrobe,img/wardrobe/0111.jpg,model/wardrobe/IKEA_DOMBAS/model.obj,0.3603084455647699,0.7565997854762605,1.0,69.122,18717.4,True,
485,wardrobe,img/wardrobe/0211.jpg,model/wardrobe/IKEA_HEMNES/model.obj,0.28761388050629605,0.824599632099209,1.0,60.278,18521.4,True,
486,wardrobe,img/wardrobe/0105.jpg,model/wardrobe/IKEA_ANEBODA_2/model.obj,0.3437772028579692,0.45194047949155336,1.0,52.796,18131.0,True,
487,wardrobe,img/wardrobe/0227.jpg,model/wardrobe/IKEA_HEMNES/model.obj,0.27374449225633,0.7296625688540609,1.0,58.667,18434.5,True,
488,wardrobe,img/wardrobe/0038.jpg,model/wardrobe/IKEA_ANEBODA_1/model.obj,0.2775311478207525,0.45270472290614205,1.0,52.176,18096.7,True,
489,wardrobe,img/wardrobe/0242.jpg,model/wardrobe/IKEA_ANEBODA_1/model.obj,0.31815757122921934,0.4547343648835946,1.0,52.318,18096.6,True,
490,wardrobe,img/wardrobe/0101.jpg,model/wardrobe/IKEA_ANEBODA_2/model.obj,0.26320101037700816,0.45429061633935136,1.0,52.407,18058.2,True,
491,misc,img/misc/0035.jpg,model/misc/SS_06/model.obj,0.10061838673472172,0.7000380286629843,1.0,49.638,17653.6,True,
492,misc,img/misc/0022.jpg,model/misc/SS_04/model.obj,0.3265591702943659,0.9725892861440595,1.0,51.947,18080.3,True,
493,misc,img/misc/0046.jpg,model/misc/SS_09/model.obj,0.7867215460468229,0.8261479610765863,1.0,60.438,18142.3,True,
494,misc,img/misc/0029.jpg,model/misc/SS_05/model.obj,0.3256302818012618,0.33457777818052276,1.0,48.958,17589.9,True,
495,misc,img/misc/0023.jpg,model/misc/SS_04/model.obj,0.3646745120266935,0.8528856867569616,1.0,50.996,17969.5,True,
496,tool,img/tool/0027.jpg,model/tool/SS_6/model.obj,0.1939432625739241,0.23223046134349395,1.0,46.31,17540.0,True,
497,tool,img/tool/0046.jpg,model/tool/SS_8/model.obj,0.19035006873856242,0.6185032027941766,1.0,48.365,17618.9,True,
498,tool,img/tool/0020.jpg,model/tool/SS_3/model.obj,0.09930543321575344,0.2338073584523899,1.0,46.027,17483.3,True,
499,tool,img/tool/0037.jpg,model/tool/SS_6/model.obj,0.10147528061656227,0.19260507090244625,1.0,46.372,17489.3,True,
